-- phpMyAdmin SQL Dump
-- version 3.4.5
-- http://www.phpmyadmin.net
--
-- Host: localhost
-- Waktu pembuatan: 05. Agustus 2016 jam 02:46
-- Versi Server: 5.5.16
-- Versi PHP: 5.3.8

SET SQL_MODE="NO_AUTO_VALUE_ON_ZERO";
SET time_zone = "+00:00";


/*!40101 SET @OLD_CHARACTER_SET_CLIENT=@@CHARACTER_SET_CLIENT */;
/*!40101 SET @OLD_CHARACTER_SET_RESULTS=@@CHARACTER_SET_RESULTS */;
/*!40101 SET @OLD_COLLATION_CONNECTION=@@COLLATION_CONNECTION */;
/*!40101 SET NAMES utf8 */;

--
-- Database: `spkspinti`
--

-- --------------------------------------------------------

--
-- Struktur dari tabel `admin`
--

CREATE TABLE IF NOT EXISTS `admin` (
  `id` int(11) NOT NULL AUTO_INCREMENT,
  `username` varchar(50) NOT NULL,
  `password` varchar(50) NOT NULL,
  `nama` varchar(50) NOT NULL,
  `email` varchar(50) NOT NULL,
  `tgl_lahir` varchar(50) NOT NULL,
  `tgl_dibuat` date NOT NULL,
  PRIMARY KEY (`id`)
) ENGINE=InnoDB  DEFAULT CHARSET=latin1 AUTO_INCREMENT=10 ;

--
-- Dumping data untuk tabel `admin`
--

INSERT INTO `admin` (`id`, `username`, `password`, `nama`, `email`, `tgl_lahir`, `tgl_dibuat`) VALUES
(1, 'admin', 'admin', 'admin', 'utamirahayu94@gmail.com', 'Jakarta, 17 Oktober 1994', '2016-06-21'),
(2, 'aku', 'aku', 'admin', 'utamirahayu94@gmail.com', 'Jakarta, 17 Oktober 1994', '2016-06-21'),
(3, 'ami', 'ami', 'ami', 'utamirahayu94@gmail.com', 'Jakarta, 17 Oktober 1994', '2016-06-21'),
(5, 'aaaa', 'bbbb', 'cccc', 'utamirahayu94@gmail.com', 'Jakarta, 17 Oktober 1994', '2016-06-21'),
(8, 'cantik', 'cantik', 'cantik', 'utamirahayu94@gmail.com', 'Jakarta, 17 Oktober 1994', '2016-07-22'),
(9, 'Asep Solehudin', 'kasep', 'kasep', 'utamirahayu94@gmail.com', 'Jakarta, 17 Oktober 1994', '2016-07-22');

-- --------------------------------------------------------

--
-- Struktur dari tabel `hasil_knn`
--

CREATE TABLE IF NOT EXISTS `hasil_knn` (
  `id_transaksi` int(11) NOT NULL AUTO_INCREMENT,
  `kelayakan` varchar(10) NOT NULL,
  PRIMARY KEY (`id_transaksi`)
) ENGINE=InnoDB  DEFAULT CHARSET=latin1 AUTO_INCREMENT=107 ;

--
-- Dumping data untuk tabel `hasil_knn`
--

INSERT INTO `hasil_knn` (`id_transaksi`, `kelayakan`) VALUES
(1, '4'),
(2, '4'),
(3, '4'),
(4, '4'),
(5, '4'),
(6, '4'),
(7, '4'),
(8, '4'),
(9, '4'),
(10, '4'),
(11, '4'),
(12, '4'),
(13, '4'),
(14, '4'),
(15, '4'),
(16, '4'),
(17, '4'),
(18, '4'),
(19, '4'),
(20, '4'),
(21, '3'),
(22, '4'),
(23, '4'),
(24, '4'),
(25, '4'),
(26, '4'),
(27, '4'),
(28, '4'),
(29, '4'),
(30, '4'),
(31, '4'),
(32, '4'),
(33, '4'),
(34, '4'),
(35, '4'),
(36, '4'),
(37, '4'),
(38, '4'),
(39, '4'),
(40, '4'),
(41, '4'),
(42, '4'),
(43, '4'),
(44, '4'),
(45, '4'),
(46, '4'),
(47, '4'),
(48, '4'),
(49, '4'),
(50, '4'),
(51, '4'),
(52, '4'),
(53, '4'),
(54, '4'),
(55, '4'),
(56, '4'),
(57, '4'),
(58, '4'),
(59, '3'),
(60, '4'),
(61, '4'),
(62, '4'),
(63, '4'),
(64, '4'),
(65, '4'),
(66, '4'),
(67, '4'),
(68, '4'),
(69, '4'),
(70, '4'),
(73, '4'),
(74, '4'),
(75, '4'),
(76, '4'),
(77, '4'),
(78, '4'),
(79, '4'),
(80, '4'),
(81, '4'),
(82, '4'),
(83, '4'),
(84, '4'),
(85, '4'),
(86, '4'),
(87, '4'),
(88, '4'),
(89, '4'),
(90, '4'),
(91, '4'),
(92, '4'),
(93, '4'),
(94, '4'),
(95, '4'),
(96, '4'),
(97, '4'),
(98, '4'),
(99, '4'),
(100, '4');

-- --------------------------------------------------------

--
-- Struktur dari tabel `hasil_smart`
--

CREATE TABLE IF NOT EXISTS `hasil_smart` (
  `id_transaksi` int(11) NOT NULL AUTO_INCREMENT,
  `kelayakan` int(11) NOT NULL,
  PRIMARY KEY (`id_transaksi`)
) ENGINE=InnoDB  DEFAULT CHARSET=latin1 AUTO_INCREMENT=31 ;

--
-- Dumping data untuk tabel `hasil_smart`
--

INSERT INTO `hasil_smart` (`id_transaksi`, `kelayakan`) VALUES
(1, 2),
(2, 3),
(3, 3),
(4, 2),
(5, 3),
(6, 2),
(7, 3),
(8, 4),
(9, 3),
(10, 2),
(11, 3),
(12, 3),
(13, 2),
(14, 3),
(15, 3),
(16, 2),
(17, 3),
(18, 3),
(19, 2),
(20, 3),
(21, 3),
(22, 4),
(23, 2),
(24, 2),
(25, 2),
(26, 3),
(27, 3),
(28, 2),
(29, 2),
(30, 3);

-- --------------------------------------------------------

--
-- Struktur dari tabel `kelayakan`
--

CREATE TABLE IF NOT EXISTS `kelayakan` (
  `kelayakan` int(11) NOT NULL,
  `detail_kelayakan` varchar(10) NOT NULL,
  PRIMARY KEY (`kelayakan`)
) ENGINE=InnoDB DEFAULT CHARSET=latin1;

--
-- Dumping data untuk tabel `kelayakan`
--

INSERT INTO `kelayakan` (`kelayakan`, `detail_kelayakan`) VALUES
(2, 'kurang'),
(3, 'cukup'),
(4, 'baik');

-- --------------------------------------------------------

--
-- Struktur dari tabel `knn_jarak`
--

CREATE TABLE IF NOT EXISTS `knn_jarak` (
  `id_training` int(11) NOT NULL AUTO_INCREMENT,
  `jarak` double NOT NULL,
  PRIMARY KEY (`id_training`)
) ENGINE=InnoDB  DEFAULT CHARSET=latin1 AUTO_INCREMENT=21 ;

--
-- Dumping data untuk tabel `knn_jarak`
--

INSERT INTO `knn_jarak` (`id_training`, `jarak`) VALUES
(1, 3.4641016151378),
(2, 4.1231056256177),
(3, 0),
(4, 3),
(5, 2),
(6, 3.7416573867739),
(7, 3),
(8, 5.0990195135928),
(9, 3),
(10, 3.8729833462074),
(11, 1),
(12, 2.2360679774998),
(13, 4.5825756949558),
(14, 1),
(15, 4.1231056256177),
(16, 5.56776436283),
(17, 3.7416573867739),
(18, 3),
(19, 3.7416573867739),
(20, 3.4641016151378);

-- --------------------------------------------------------

--
-- Struktur dari tabel `kriteria`
--

CREATE TABLE IF NOT EXISTS `kriteria` (
  `id_kriteria` int(11) NOT NULL AUTO_INCREMENT,
  `kriteria` varchar(50) NOT NULL,
  PRIMARY KEY (`id_kriteria`)
) ENGINE=InnoDB  DEFAULT CHARSET=latin1 AUTO_INCREMENT=5 ;

--
-- Dumping data untuk tabel `kriteria`
--

INSERT INTO `kriteria` (`id_kriteria`, `kriteria`) VALUES
(1, 'bidang'),
(2, 'pelanggan'),
(3, 'proyek'),
(4, 'total_harga_jual');

-- --------------------------------------------------------

--
-- Struktur dari tabel `profil`
--

CREATE TABLE IF NOT EXISTS `profil` (
  `id_profil` int(11) NOT NULL AUTO_INCREMENT,
  `keterangan` varchar(500) NOT NULL,
  PRIMARY KEY (`id_profil`)
) ENGINE=InnoDB  DEFAULT CHARSET=latin1 AUTO_INCREMENT=3 ;

--
-- Dumping data untuk tabel `profil`
--

INSERT INTO `profil` (`id_profil`, `keterangan`) VALUES
(2, 'Jalan Moh. Toha No. 77 Bandung Jawa Barat');

-- --------------------------------------------------------

--
-- Struktur dari tabel `smart_total`
--

CREATE TABLE IF NOT EXISTS `smart_total` (
  `id_transformasitesting` int(11) NOT NULL AUTO_INCREMENT,
  `total` double NOT NULL,
  PRIMARY KEY (`id_transformasitesting`)
) ENGINE=InnoDB  DEFAULT CHARSET=latin1 AUTO_INCREMENT=2 ;

--
-- Dumping data untuk tabel `smart_total`
--

INSERT INTO `smart_total` (`id_transformasitesting`, `total`) VALUES
(1, 35);

-- --------------------------------------------------------

--
-- Struktur dari tabel `training`
--

CREATE TABLE IF NOT EXISTS `training` (
  `id_training` int(11) NOT NULL AUTO_INCREMENT,
  `bidang` varchar(50) NOT NULL,
  `pelanggan` varchar(50) NOT NULL,
  `proyek` varchar(50) NOT NULL,
  `total_harga_jual` decimal(19,2) NOT NULL,
  `kelayakan` varchar(10) NOT NULL,
  PRIMARY KEY (`id_training`)
) ENGINE=InnoDB  DEFAULT CHARSET=latin1 AUTO_INCREMENT=21 ;

--
-- Dumping data untuk tabel `training`
--

INSERT INTO `training` (`id_training`, `bidang`, `pelanggan`, `proyek`, `total_harga_jual`, `kelayakan`) VALUES
(1, 'ENERGI', 'PLN', 'SMPBBM', 21690000000.00, 'baik'),
(2, 'ICT', 'PUSLITBANG', 'FTTH', 372513194000.00, 'baik'),
(3, 'ICT', 'TELKOM', 'TITO', 1887410000.00, 'baik'),
(4, 'SMARTCITY', 'PLN', 'SMPBBM', 22982500000.00, 'baik'),
(5, 'ICT', 'TELKOM', 'TITO', 62150000.00, 'baik'),
(6, 'SMARTCITY', 'PERTAMINA', 'SMPBBM', 22982500000.00, 'baik'),
(7, 'TRANSPORTASI', 'PLN', 'SMPBBM', 1678307675000.00, 'baik'),
(8, 'ICT', 'BPPT', 'FTTH', 1678307675000.00, 'baik'),
(9, 'TRANSPORTASI', 'PLN', 'SMPBBM', 586920920000.00, 'baik'),
(10, 'SMARTCITY', 'PERTAMINA', 'SMPBBM', 113750000.00, 'baik'),
(11, 'SMARTCITY', 'TELKOM', 'TITO', 1238844650000.00, 'baik'),
(12, 'ICT', 'KAI', 'SMPBBM', 21690000000.00, 'kurang'),
(13, 'ENERGI', 'PERTAMINA', 'SMPBBM', 30000000.00, 'baik'),
(14, 'ICT', 'TELKOM', 'TITO', 489600000.00, 'baik'),
(15, 'ICT', 'PUSLITBANG', 'FTTH', 54830530000.00, 'baik'),
(16, 'SMARTCITY', 'BPPT', 'FTTH', 62150000.00, 'baik'),
(17, 'TRANSPORTASI', 'PERTAMINA', 'SMPBBM', 22982500000.00, 'kurang'),
(18, 'TRANSPORTASI', 'PLN', 'SMPBBM', 372513194000.00, 'cukup'),
(19, 'SMARTCITY', 'PERTAMINA', 'SMPBBM', 1678307675000.00, 'kurang'),
(20, 'ICT', 'PLN', 'SMPBBM', 62150000.00, 'kurang');

-- --------------------------------------------------------

--
-- Struktur dari tabel `transaksi`
--

CREATE TABLE IF NOT EXISTS `transaksi` (
  `id_transaksi` int(11) NOT NULL AUTO_INCREMENT,
  `bidang` varchar(50) NOT NULL,
  `produk` varchar(100) NOT NULL,
  `pelanggan` varchar(50) NOT NULL,
  `proyek` varchar(50) NOT NULL,
  `total_harga_jual` decimal(19,2) NOT NULL,
  `tgl_transaksi` date NOT NULL,
  PRIMARY KEY (`id_transaksi`)
) ENGINE=InnoDB  DEFAULT CHARSET=latin1 AUTO_INCREMENT=1001 ;

--
-- Dumping data untuk tabel `transaksi`
--

INSERT INTO `transaksi` (`id_transaksi`, `bidang`, `produk`, `pelanggan`, `proyek`, `total_harga_jual`, `tgl_transaksi`) VALUES
(1, 'ENERGI', 'Inti Smart Transportation', 'PLN', 'SMPBBM', 21690000000.00, '2014-01-08'),
(2, 'ICT', 'Inti Smart Converter Kit Gas', 'PUSLITBANG', 'FTTH', 372513194000.00, '2014-01-27'),
(3, 'ICT', 'Inti Smart Reader', 'TELKOM', 'TITO', 1887410000.00, '2014-01-28'),
(4, 'SMARTCITY', 'Inti Smart Meeting dan Inti Smart Light', 'PLN', 'SMPBBM', 22982500000.00, '2014-01-01'),
(5, 'ICT', 'Sistem Pencegah Pelanggaran Sinyal (Garansi)', 'TELKOM', 'TITO', 62150000.00, '2014-01-24'),
(6, 'SMARTCITY', 'Smart Metering', 'PERTAMINA', 'SMPBBM', 22982500000.00, '2014-01-24'),
(7, 'TRANSPORTASI', 'Smart Grid', 'PLN', 'SMPBBM', 1678307675000.00, '2014-02-21'),
(8, 'ICT', 'Inti Smart Converter Kit Gas', 'BPPT', 'FTTH', 1678307675000.00, '2014-02-14'),
(9, 'TRANSPORTASI', 'Inti Smart Reader', 'PLN', 'SMPBBM', 586920920000.00, '2014-04-04'),
(10, 'SMARTCITY', 'Inti Smart Meeting dan Inti Smart Light', 'PERTAMINA', 'SMPBBM', 113750000.00, '2014-02-18'),
(11, 'SMARTCITY', 'Sistem Pencegah Pelanggaran Sinyal (Garansi)', 'TELKOM', 'TITO', 1238844650000.00, '2014-04-01'),
(12, 'ICT', 'Smart Metering', 'KAI', 'SMPBBM', 21690000000.00, '2014-02-14'),
(13, 'ENERGI', 'Smart Grid', 'PERTAMINA', 'SMPBBM', 30000000.00, '2014-02-28'),
(14, 'ICT', 'Smart City', 'TELKOM', 'TITO', 489600000.00, '2014-02-24'),
(15, 'ICT', 'Smart Light', 'PUSLITBANG', 'FTTH', 54830530000.00, '2014-02-19'),
(16, 'SMARTCITY', 'SMPBBM', 'BPPT', 'FTTH', 62150000.00, '2014-02-20'),
(17, 'TRANSPORTASI', 'Inti Smart Transportation', 'PERTAMINA', 'SMPBBM', 22982500000.00, '2014-02-14'),
(18, 'TRANSPORTASI', 'Inti Smart Converter Kit Gas', 'PLN', 'SMPBBM', 372513194000.00, '2014-02-28'),
(19, 'SMARTCITY', 'Inti Smart Reader', 'PERTAMINA', 'SMPBBM', 1678307675000.00, '2014-02-06'),
(20, 'ICT', 'Inti Smart Meeting dan Inti Smart Light', 'PLN', 'SMPBBM', 62150000.00, '2014-04-07'),
(21, 'TRANSPORTASI', 'Sistem Pencegah Pelanggaran Sinyal (Garansi)', 'KAI', 'SMPBBM', 62150000.00, '2014-04-17'),
(22, 'TRANSPORTASI', 'Smart Metering', 'BIOFARMA', 'FTTH', 31650000.00, '2014-02-14'),
(23, 'TRANSPORTASI', 'Inti Smart Transportation', 'BPPT', 'FTTH', 878005000.00, '2014-03-04'),
(24, 'ENERGI', 'Inti Smart Converter Kit Gas', 'PUSLITBANG', 'FTTH', 6000000000.00, '2014-02-03'),
(25, 'ENERGI', 'Inti Smart Reader', 'TELKOM', 'TITO', 62150000.00, '2014-04-15'),
(26, 'ENERGI', 'Inti Smart Meeting dan Inti Smart Light', 'TELKOM', 'TITO', 372513194000.00, '2014-02-07'),
(27, 'TRANSPORTASI', 'Sistem Pencegah Pelanggaran Sinyal (Garansi)', 'PLN', 'SMPBBM', 62150000.00, '2014-03-03'),
(28, 'ENERGI', 'Smart Metering', 'PLN', 'SMPBBM', 62150000.00, '2014-03-20'),
(29, 'ENERGI', 'Smart Grid', 'PLN', 'SMPBBM', 113750000.00, '2014-03-12'),
(30, 'TRANSPORTASI', 'Smart City', 'PUSLITBANG', 'FTTH', 21690000000.00, '2014-03-17'),
(31, 'ICT', 'Smart Light', 'PLN', 'TITO', 878005000.00, '2014-03-07'),
(32, 'ICT', 'SMPBBM', 'PUSLITBANG', 'SMPBBM', 1678307675000.00, '2014-03-07'),
(33, 'SMARTCITY', 'Inti Smart Transportation', 'TELKOM', 'SMPBBM', 113750000.00, '2014-03-05'),
(34, 'SMARTCITY', 'Inti Smart Converter Kit Gas', 'PLN', 'TITO', 1678307675000.00, '2014-03-03'),
(35, 'ENERGI', 'Inti Smart Reader', 'TELKOM', 'FTTH', 113750000.00, '2014-03-13'),
(36, 'ENERGI', 'Inti Smart Meeting dan Inti Smart Light', 'PERTAMINA', 'FTTH', 1678307675000.00, '2014-03-01'),
(37, 'SMARTCITY', 'Sistem Pencegah Pelanggaran Sinyal (Garansi)', 'PLN', 'SMPBBM', 1678307675000.00, '2014-03-11'),
(38, 'ICT', 'Smart Metering', 'BPPT', 'SMPBBM', 62150000.00, '2014-03-28'),
(39, 'SMARTCITY', 'Inti Smart Transportation', 'PLN', 'SMPBBM', 22982500000.00, '2014-03-27'),
(40, 'ENERGI', 'Inti Smart Converter Kit Gas', 'PERTAMINA', 'SMPBBM', 315523.00, '2014-03-25'),
(41, 'ENERGI', 'Inti Smart Reader', 'TELKOM', 'SMPBBM', 1678307675000.00, '2014-03-28'),
(42, 'SMARTCITY', 'Inti Smart Meeting dan Inti Smart Light', 'KAI', 'FTTH', 113750000.00, '2014-03-28'),
(43, 'TRANSPORTASI', 'Sistem Pencegah Pelanggaran Sinyal (Garansi)', 'PERTAMINA', 'FTTH', 1678307675000.00, '2014-03-29'),
(44, 'ICT', 'Smart Metering', 'TELKOM', 'FTTH', 22982500000.00, '2014-03-28'),
(45, 'ENERGI', 'Smart Grid', 'PUSLITBANG', 'TITO', 22982500000.00, '2014-03-28'),
(46, 'ENERGI', 'Smart City', 'BPPT', 'TITO', 1678307675000.00, '2014-04-28'),
(47, 'ICT', 'Smart Light', 'PLN', 'SMPBBM', 372513194000.00, '2014-03-28'),
(48, 'ENERGI', 'SMPBBM', 'PUSLITBANG', 'SMPBBM', 22982500000.00, '2014-04-17'),
(49, 'ICT', 'Inti Smart Transportation', 'TELKOM', 'SMPBBM', 6000000.00, '2014-04-16'),
(50, 'ICT', 'Inti Smart Converter Kit Gas', 'PLN', 'FTTH', 54830530000.00, '2014-04-25'),
(51, 'SMARTCITY', 'Inti Smart Reader', 'TELKOM', 'TITO', 372513194000.00, '2014-05-06'),
(52, 'ENERGI', 'Inti Smart Meeting dan Inti Smart Light', 'PERTAMINA', 'SMPBBM', 21690000000.00, '2012-01-25'),
(53, 'ICT', 'Sistem Pencegah Pelanggaran Sinyal (Garansi)', 'PLN', 'SMPBBM', 22982500000.00, '2012-02-28'),
(54, 'SMARTCITY', 'Smart Metering', 'BPPT', 'TITO', 113750000.00, '2012-03-12'),
(55, 'ICT', 'Inti Smart Transportation', 'PLN', 'FTTH', 372513194000.00, '2012-02-29'),
(56, 'SMARTCITY', 'Inti Smart Converter Kit Gas', 'PERTAMINA', 'FTTH', 62150000.00, '2012-03-17'),
(57, 'ENERGI', 'Inti Smart Reader', 'TELKOM', 'SMPBBM', 62150000.00, '2012-02-28'),
(58, 'ICT', 'Inti Smart Meeting dan Inti Smart Light', 'KAI', 'SMPBBM', 1678307675000.00, '2012-03-16'),
(59, 'ICT', 'Sistem Pencegah Pelanggaran Sinyal (Garansi)', 'PERTAMINA', 'SMPBBM', 113750000.00, '2012-03-16'),
(60, 'SMARTCITY', 'Smart Metering', 'TELKOM', 'SMPBBM', 62150000.00, '2012-03-16'),
(61, 'ICT', 'Smart Grid', 'PUSLITBANG', 'SMPBBM', 1678307675000.00, '2012-03-16'),
(62, 'ENERGI', 'Smart City', 'BPPT', 'FTTH', 54830530000.00, '2012-03-29'),
(63, 'ENERGI', 'Smart Light', 'PERTAMINA', 'FTTH', 62150000.00, '2012-04-12'),
(64, 'SMARTCITY', 'SMPBBM', 'PLN', 'FTTH', 113750000.00, '2012-03-22'),
(65, 'ENERGI', 'Inti Smart Transportation', 'PERTAMINA', 'TITO', 113750000.00, '2012-03-28'),
(66, 'ENERGI', 'Inti Smart Converter Kit Gas', 'PLN', 'TITO', 6000000.00, '2012-04-05'),
(67, 'ENERGI', 'Inti Smart Reader', 'KAI', 'SMPBBM', 372513194000.00, '2012-03-26'),
(68, 'ENERGI', 'Inti Smart Meeting dan Inti Smart Light', 'BIOFARMA', 'SMPBBM', 113750000.00, '2012-04-12'),
(69, 'ENERGI', 'Sistem Pencegah Pelanggaran Sinyal (Garansi)', 'BPPT', 'SMPBBM', 113750000.00, '2012-04-18'),
(70, 'SMARTCITY', 'Smart Metering', 'PUSLITBANG', 'FTTH', 22982500000.00, '2012-04-11'),
(71, 'ENERGI', 'Inti Smart Transportation', 'TELKOM', 'TITO', 22982500000.00, '2012-04-20'),
(72, 'ICT', 'Inti Smart Converter Kit Gas', 'TELKOM', 'SMPBBM', 113750000.00, '2012-05-11'),
(73, 'ICT', 'Inti Smart Reader', 'PLN', 'SMPBBM', 62150000.00, '2012-05-07'),
(74, 'ICT', 'Inti Smart Meeting dan Inti Smart Light', 'PLN', 'TITO', 113750000.00, '2012-05-14'),
(75, 'ENERGI', 'Sistem Pencegah Pelanggaran Sinyal (Garansi)', 'PLN', 'FTTH', 22982500000.00, '2012-05-25'),
(76, 'ENERGI', 'Smart Metering', 'PUSLITBANG', 'FTTH', 1678307675000.00, '2012-05-25'),
(77, 'ENERGI', 'Smart Grid', 'PLN', 'SMPBBM', 1238844650000.00, '2012-05-11'),
(78, 'SMARTCITY', 'Smart City', 'PUSLITBANG', 'SMPBBM', 22982500000.00, '2012-05-11'),
(79, 'ICT', 'Smart Light', 'TELKOM', 'SMPBBM', 1678307675000.00, '2012-05-18'),
(80, 'ICT', 'SMPBBM', 'PLN', 'SMPBBM', 21690000000.00, '2012-05-10'),
(81, 'ICT', 'Inti Smart Reader', 'TELKOM', 'SMPBBM', 113750000.00, '2012-06-01'),
(82, 'ENERGI', 'Inti Smart Meeting dan Inti Smart Light', 'PERTAMINA', 'FTTH', 1238844650000.00, '2012-05-04'),
(83, 'TRANSPORTASI', 'Sistem Pencegah Pelanggaran Sinyal (Garansi)', 'PLN', 'TITO', 234567000.00, '2012-05-05'),
(84, 'ICT', 'Smart Metering', 'BPPT', 'SMPBBM', 25497609000.00, '2012-06-01'),
(85, 'ENERGI', 'Inti Smart Transportation', 'PLN', 'TITO', 22982500000.00, '2012-06-15'),
(86, 'ENERGI', 'Inti Smart Converter Kit Gas', 'PERTAMINA', 'SMPBBM', 372513194000.00, '2012-06-01'),
(87, 'ENERGI', 'Inti Smart Reader', 'TELKOM', 'SMPBBM', 372513194000.00, '2012-06-15'),
(88, 'ENERGI', 'Inti Smart Meeting dan Inti Smart Light', 'KAI', 'FTTH', 1678307675000.00, '2012-05-07'),
(89, 'ENERGI', 'Sistem Pencegah Pelanggaran Sinyal (Garansi)', 'PERTAMINA', 'SMPBBM', 1678307675000.00, '2012-06-14'),
(90, 'ENERGI', 'Smart Metering', 'TELKOM', 'SMPBBM', 62150000.00, '2012-06-01'),
(91, 'TRANSPORTASI', 'Smart Grid', 'PUSLITBANG', 'TITO', 21690000000.00, '2012-06-22'),
(92, 'ENERGI', 'Smart City', 'BPPT', 'SMPBBM', 22982500000.00, '2012-06-25'),
(93, 'SMARTCITY', 'Smart Light', 'PLN', 'SMPBBM', 22982500000.00, '2012-06-22'),
(94, 'ICT', 'SMPBBM', 'PUSLITBANG', 'TITO', 1678307675000.00, '2012-06-22'),
(95, 'SMARTCITY', 'Inti Smart Reader', 'TELKOM', 'FTTH', 489600000.00, '2012-06-22'),
(96, 'SMARTCITY', 'Inti Smart Meeting dan Inti Smart Light', 'PLN', 'FTTH', 1678307675000.00, '2012-06-29'),
(97, 'ICT', 'Sistem Pencegah Pelanggaran Sinyal (Garansi)', 'TELKOM', 'SMPBBM', 62150000.00, '2012-07-05'),
(98, 'ICT', 'Smart Metering', 'PERTAMINA', 'SMPBBM', 25497609000.00, '2012-07-06'),
(99, 'SMARTCITY', 'Inti Smart Transportation', 'PLN', 'SMPBBM', 62150000.00, '2012-07-05'),
(100, 'ICT', 'Inti Smart Converter Kit Gas', 'BPPT', 'SMPBBM', 372513194000.00, '2012-07-20'),
(101, 'ENERGI', 'Inti Smart Reader', 'PLN', 'SMPBBM', 113750000.00, '2012-07-05'),
(102, 'ICT', 'Inti Smart Meeting dan Inti Smart Light', 'PERTAMINA', 'FTTH', 5000000.00, '2012-07-19'),
(103, 'TRANSPORTASI', 'Sistem Pencegah Pelanggaran Sinyal (Garansi)', 'TELKOM', 'FTTH', 372513194000.00, '2012-07-20'),
(104, 'SMARTCITY', 'Smart Metering', 'KAI', 'FTTH', 22982500000.00, '2012-07-20'),
(105, 'ENERGI', 'Smart Grid', 'PERTAMINA', 'TITO', 1678307675000.00, '2012-07-18'),
(106, 'SMARTCITY', 'Smart City', 'TELKOM', 'TITO', 30000000.00, '2012-07-31'),
(107, 'ICT', 'Smart Light', 'PUSLITBANG', 'SMPBBM', 22982500000.00, '2012-07-31'),
(108, 'ENERGI', 'SMPBBM', 'BPPT', 'SMPBBM', 113750000.00, '2012-07-31'),
(109, 'ICT', 'Inti Smart Reader', 'PERTAMINA', 'SMPBBM', 22982500000.00, '2012-07-31'),
(110, 'ENERGI', 'Inti Smart Meeting dan Inti Smart Light', 'PLN', 'FTTH', 113750000.00, '2012-07-31'),
(111, 'ENERGI', 'Sistem Pencegah Pelanggaran Sinyal (Garansi)', 'PERTAMINA', 'TITO', 6000000.00, '2012-07-31'),
(112, 'TRANSPORTASI', 'Smart Metering', 'PLN', 'SMPBBM', 1678307675000.00, '2012-07-25'),
(113, 'ENERGI', 'Inti Smart Transportation', 'KAI', 'SMPBBM', 372513194000.00, '2012-07-25'),
(114, 'ENERGI', 'Inti Smart Converter Kit Gas', 'BIOFARMA', 'TITO', 1128930600000.00, '2012-07-31'),
(115, 'ICT', 'Inti Smart Reader', 'BPPT', 'FTTH', 62150000.00, '2012-07-31'),
(116, 'ICT', 'Inti Smart Meeting dan Inti Smart Light', 'PUSLITBANG', 'FTTH', 113750000.00, '2012-07-31'),
(117, 'TRANSPORTASI', 'Sistem Pencegah Pelanggaran Sinyal (Garansi)', 'TELKOM', 'SMPBBM', 113750000.00, '2012-07-31'),
(118, 'ENERGI', 'Smart Metering', 'TELKOM', 'SMPBBM', 685388712000.00, '2012-07-31'),
(119, 'ENERGI', 'Smart Grid', 'PLN', 'SMPBBM', 489600000.00, '2012-07-31'),
(120, 'ENERGI', 'Smart City', 'PLN', 'SMPBBM', 6000000.00, '2012-07-31'),
(121, 'SMARTCITY', 'Smart Light', 'PLN', 'SMPBBM', 372513194000.00, '2012-08-02'),
(122, 'ICT', 'SMPBBM', 'PUSLITBANG', 'FTTH', 1678307675000.00, '2012-08-10'),
(123, 'TRANSPORTASI', 'Inti Smart Reader', 'PLN', 'FTTH', 22982500000.00, '2012-08-25'),
(124, 'TRANSPORTASI', 'Inti Smart Meeting dan Inti Smart Light', 'PUSLITBANG', 'FTTH', 22982500000.00, '2012-08-10'),
(125, 'SMARTCITY', 'Sistem Pencegah Pelanggaran Sinyal (Garansi)', 'TELKOM', 'TITO', 62150000.00, '2012-08-29'),
(126, 'ICT', 'Smart Metering', 'PLN', 'TITO', 1678307675000.00, '2012-08-11'),
(127, 'TRANSPORTASI', 'Inti Smart Transportation', 'TELKOM', 'SMPBBM', 1678307675000.00, '2012-08-10'),
(128, 'TRANSPORTASI', 'Inti Smart Converter Kit Gas', 'PERTAMINA', 'SMPBBM', 8456842000.00, '2012-08-31'),
(129, 'SMARTCITY', 'Inti Smart Reader', 'PLN', 'SMPBBM', 113750000.00, '2012-09-11'),
(130, 'ENERGI', 'Inti Smart Meeting dan Inti Smart Light', 'BPPT', 'FTTH', 1678307675000.00, '2012-09-14'),
(131, 'ENERGI', 'Sistem Pencegah Pelanggaran Sinyal (Garansi)', 'PLN', 'TITO', 25497609000.00, '2012-09-10'),
(132, 'ENERGI', 'Smart Metering', 'PERTAMINA', 'SMPBBM', 372513194000.00, '2012-09-12'),
(133, 'ICT', 'Smart Grid', 'TELKOM', 'SMPBBM', 22982500000.00, '2012-08-31'),
(134, 'TRANSPORTASI', 'Smart City', 'KAI', 'TITO', 22982500000.00, '2012-09-10'),
(135, 'ENERGI', 'Smart Light', 'PERTAMINA', 'FTTH', 22982500000.00, '2012-08-31'),
(136, 'ICT', 'SMPBBM', 'TELKOM', 'FTTH', 1678307675000.00, '2012-09-11'),
(137, 'ICT', 'Inti Smart Reader', 'PUSLITBANG', 'SMPBBM', 62150000.00, '2012-09-14'),
(138, 'TRANSPORTASI', 'Inti Smart Meeting dan Inti Smart Light', 'BPPT', 'SMPBBM', 1678307675000.00, '2012-08-31'),
(139, 'SMARTCITY', 'Sistem Pencegah Pelanggaran Sinyal (Garansi)', 'PLN', 'SMPBBM', 25497609000.00, '2012-09-14'),
(140, 'SMARTCITY', 'Smart Metering', 'PUSLITBANG', 'SMPBBM', 62150000.00, '2012-08-31'),
(141, 'SMARTCITY', 'Inti Smart Transportation', 'TELKOM', 'SMPBBM', 22982500000.00, '2012-10-05'),
(142, 'ENERGI', 'Inti Smart Converter Kit Gas', 'PLN', 'FTTH', 144418498.00, '2012-10-05'),
(143, 'SMARTCITY', 'Inti Smart Reader', 'TELKOM', 'FTTH', 22982500000.00, '2012-10-05'),
(144, 'ENERGI', 'Inti Smart Meeting dan Inti Smart Light', 'PERTAMINA', 'FTTH', 113750000.00, '2012-10-08'),
(145, 'TRANSPORTASI', 'Sistem Pencegah Pelanggaran Sinyal (Garansi)', 'PLN', 'TITO', 1678307675000.00, '2012-10-05'),
(146, 'ICT', 'Smart Metering', 'BPPT', 'TITO', 1678307675000.00, '2012-10-08'),
(147, 'ENERGI', 'Smart Grid', 'PLN', 'SMPBBM', 1678307675000.00, '2012-10-19'),
(148, 'ENERGI', 'Smart City', 'PERTAMINA', 'SMPBBM', 22982500000.00, '2012-10-05'),
(149, 'ENERGI', 'Smart Light', 'TELKOM', 'SMPBBM', 62150000.00, '2012-10-19'),
(150, 'ICT', 'SMPBBM', 'KAI', 'FTTH', 62150000.00, '2012-10-19'),
(151, 'TRANSPORTASI', 'Inti Smart Reader', 'PERTAMINA', 'TITO', 489600000.00, '2012-10-12'),
(152, 'SMARTCITY', 'Inti Smart Meeting dan Inti Smart Light', 'TELKOM', 'SMPBBM', 113750000.00, '2012-10-12'),
(153, 'ENERGI', 'Sistem Pencegah Pelanggaran Sinyal (Garansi)', 'PUSLITBANG', 'SMPBBM', 1678307675000.00, '2012-10-22'),
(154, 'ICT', 'Smart Metering', 'BPPT', 'TITO', 62150000.00, '2012-10-25'),
(155, 'ICT', 'Inti Smart Transportation', 'PERTAMINA', 'FTTH', 62150000.00, '2012-10-19'),
(156, 'ICT', 'Inti Smart Converter Kit Gas', 'PLN', 'FTTH', 62150000.00, '2012-10-25'),
(157, 'ENERGI', 'Inti Smart Reader', 'PERTAMINA', 'SMPBBM', 113750000.00, '2012-10-25'),
(158, 'SMARTCITY', 'Inti Smart Meeting dan Inti Smart Light', 'PLN', 'SMPBBM', 6600000.00, '2012-10-25'),
(159, 'ENERGI', 'Sistem Pencegah Pelanggaran Sinyal (Garansi)', 'KAI', 'SMPBBM', 878005000.00, '2012-10-19'),
(160, 'TRANSPORTASI', 'Smart Metering', 'BIOFARMA', 'SMPBBM', 22982500000.00, '2012-11-10'),
(161, 'ENERGI', 'Smart Grid', 'BPPT', 'SMPBBM', 22982500000.00, '2012-11-12'),
(162, 'TRANSPORTASI', 'Smart City', 'PUSLITBANG', 'FTTH', 113750000.00, '2012-11-14'),
(163, 'ICT', 'Smart Light', 'TELKOM', 'TITO', 62150000.00, '2012-11-12'),
(164, 'ENERGI', 'SMPBBM', 'TELKOM', 'SMPBBM', 22982500000.00, '2012-11-12'),
(165, 'ICT', 'Inti Smart Reader', 'PLN', 'TITO', 62150000.00, '2012-11-12'),
(166, 'ENERGI', 'Inti Smart Meeting dan Inti Smart Light', 'PLN', 'SMPBBM', 1678307675000.00, '2012-11-09'),
(167, 'ENERGI', 'Sistem Pencegah Pelanggaran Sinyal (Garansi)', 'PLN', 'SMPBBM', 557632665000.00, '2012-11-23'),
(168, 'TRANSPORTASI', 'Smart Metering', 'PUSLITBANG', 'FTTH', 62150000.00, '2012-11-25'),
(169, 'ENERGI', 'Inti Smart Transportation', 'PLN', 'SMPBBM', 113750000.00, '2012-11-23'),
(170, 'ENERGI', 'Inti Smart Converter Kit Gas', 'PUSLITBANG', 'SMPBBM', 62150000.00, '2012-11-29'),
(171, 'ICT', 'Inti Smart Reader', 'TELKOM', 'TITO', 113750000.00, '2012-11-30'),
(172, 'ENERGI', 'Inti Smart Meeting dan Inti Smart Light', 'PLN', 'SMPBBM', 489600000.00, '2012-11-10'),
(173, 'SMARTCITY', 'Sistem Pencegah Pelanggaran Sinyal (Garansi)', 'TELKOM', 'SMPBBM', 372513194000.00, '2012-11-23'),
(174, 'SMARTCITY', 'Smart Metering', 'PERTAMINA', 'TITO', 62150000.00, '2012-11-30'),
(175, 'SMARTCITY', 'Smart Grid', 'PLN', 'FTTH', 113750000.00, '2012-11-25'),
(176, 'SMARTCITY', 'Smart City', 'BPPT', 'FTTH', 22982500000.00, '2012-12-07'),
(177, 'ENERGI', 'Smart Light', 'PLN', 'SMPBBM', 1128930600000.00, '2012-12-06'),
(178, 'SMARTCITY', 'SMPBBM', 'PERTAMINA', 'SMPBBM', 62150000.00, '2012-12-06'),
(179, 'ICT', 'Inti Smart Reader', 'TELKOM', 'SMPBBM', 54830530000.00, '2012-12-11'),
(180, 'SMARTCITY', 'Inti Smart Meeting dan Inti Smart Light', 'KAI', 'SMPBBM', 1887410000.00, '2012-12-07'),
(181, 'ICT', 'Sistem Pencegah Pelanggaran Sinyal (Garansi)', 'PERTAMINA', 'SMPBBM', 22982500000.00, '2012-12-06'),
(182, 'ENERGI', 'Smart Metering', 'TELKOM', 'FTTH', 62150000.00, '2012-12-07'),
(183, 'ICT', 'Inti Smart Transportation', 'PUSLITBANG', 'FTTH', 22982500000.00, '2012-12-06'),
(184, 'SMARTCITY', 'Inti Smart Converter Kit Gas', 'BPPT', 'FTTH', 62150000.00, '2012-12-04'),
(185, 'ICT', 'Inti Smart Reader', 'PLN', 'TITO', 1678307675000.00, '2012-12-13'),
(186, 'TRANSPORTASI', 'Inti Smart Meeting dan Inti Smart Light', 'PUSLITBANG', 'TITO', 113750000.00, '2012-12-13'),
(187, 'SMARTCITY', 'Sistem Pencegah Pelanggaran Sinyal (Garansi)', 'TELKOM', 'SMPBBM', 22982500000.00, '2012-12-27'),
(188, 'ENERGI', 'Smart Metering', 'PLN', 'SMPBBM', 372513194000.00, '2012-12-25'),
(189, 'SMARTCITY', 'Smart Grid', 'TELKOM', 'SMPBBM', 30000000.00, '2012-12-25'),
(190, 'TRANSPORTASI', 'Smart City', 'PERTAMINA', 'FTTH', 113750000.00, '2012-12-27'),
(191, 'SMARTCITY', 'Smart Light', 'PLN', 'TITO', 369616555000.00, '2012-12-20'),
(192, 'ENERGI', 'SMPBBM', 'BPPT', 'SMPBBM', 113750000.00, '2012-12-21'),
(193, 'SMARTCITY', 'Inti Smart Reader', 'PLN', 'SMPBBM', 25497609000.00, '2012-12-27'),
(194, 'ENERGI', 'Inti Smart Meeting dan Inti Smart Light', 'PERTAMINA', 'TITO', 685388712000.00, '2012-12-27'),
(195, 'ENERGI', 'Sistem Pencegah Pelanggaran Sinyal (Garansi)', 'TELKOM', 'FTTH', 31250000.00, '2012-12-25'),
(196, 'ICT', 'Smart Metering', 'KAI', 'FTTH', 54830530000.00, '2012-12-20'),
(197, 'ENERGI', 'Inti Smart Transportation', 'PERTAMINA', 'SMPBBM', 62150000.00, '2012-12-27'),
(198, 'SMARTCITY', 'Inti Smart Converter Kit Gas', 'TELKOM', 'SMPBBM', 62150000.00, '2012-12-27'),
(199, 'ICT', 'Inti Smart Reader', 'PUSLITBANG', 'SMPBBM', 22982500000.00, '2012-12-28'),
(200, 'ICT', 'Inti Smart Meeting dan Inti Smart Light', 'BPPT', 'SMPBBM', 113750000.00, '2012-12-31'),
(201, 'SMARTCITY', 'Sistem Pencegah Pelanggaran Sinyal (Garansi)', 'PERTAMINA', 'SMPBBM', 22982500000.00, '2012-12-27'),
(202, 'ENERGI', 'Smart Metering', 'PLN', 'FTTH', 372513194000.00, '2012-12-27'),
(203, 'ENERGI', 'Smart Grid', 'PERTAMINA', 'FTTH', 62150000.00, '2012-12-19'),
(204, 'SMARTCITY', 'Smart City', 'PLN', 'FTTH', 62150000.00, '2012-12-14'),
(205, 'ENERGI', 'Smart Light', 'KAI', 'TITO', 62150000.00, '2012-12-27'),
(206, 'TRANSPORTASI', 'SMPBBM', 'BIOFARMA', 'TITO', 6000000.00, '2012-12-21'),
(207, 'ICT', 'Inti Smart Reader', 'BPPT', 'SMPBBM', 62150000.00, '2012-12-31'),
(208, 'TRANSPORTASI', 'Inti Smart Meeting dan Inti Smart Light', 'PUSLITBANG', 'SMPBBM', 22982500000.00, '2013-01-25'),
(209, 'ICT', 'Sistem Pencegah Pelanggaran Sinyal (Garansi)', 'TELKOM', 'SMPBBM', 113750000.00, '2013-01-25'),
(210, 'ICT', 'Smart Metering', 'TELKOM', 'FTTH', 22982500000.00, '2013-02-27'),
(211, 'TRANSPORTASI', 'Inti Smart Transportation', 'PLN', 'TITO', 372513194000.00, '2013-02-05'),
(212, 'ICT', 'Inti Smart Converter Kit Gas', 'PLN', 'SMPBBM', 62150000.00, '2013-02-08'),
(213, 'ENERGI', 'Inti Smart Reader', 'PLN', 'SMPBBM', 113750000.00, '2013-02-08'),
(214, 'ICT', 'Inti Smart Meeting dan Inti Smart Light', 'PUSLITBANG', 'TITO', 22982500000.00, '2013-03-10'),
(215, 'SMARTCITY', 'Sistem Pencegah Pelanggaran Sinyal (Garansi)', 'PLN', 'FTTH', 62150000.00, '2013-03-05'),
(216, 'ICT', 'Smart Metering', 'PUSLITBANG', 'FTTH', 22982500000.00, '2013-04-05'),
(217, 'ICT', 'Smart Grid', 'TELKOM', 'SMPBBM', 372513194000.00, '2013-03-04'),
(218, 'ENERGI', 'Smart City', 'PLN', 'SMPBBM', 113750000.00, '2013-04-03'),
(219, 'ICT', 'Smart Light', 'TELKOM', 'SMPBBM', 113750000.00, '2013-03-25'),
(220, 'ENERGI', 'SMPBBM', 'PERTAMINA', 'SMPBBM', 22982500000.00, '2013-03-19'),
(221, 'TRANSPORTASI', 'Inti Smart Reader', 'PLN', 'SMPBBM', 113750000.00, '2013-03-20'),
(222, 'TRANSPORTASI', 'Inti Smart Meeting dan Inti Smart Light', 'BPPT', 'FTTH', 22982500000.00, '2013-03-07'),
(223, 'ENERGI', 'Sistem Pencegah Pelanggaran Sinyal (Garansi)', 'PLN', 'FTTH', 62150000.00, '2013-03-14'),
(224, 'ENERGI', 'Smart Metering', 'PERTAMINA', 'FTTH', 22982500000.00, '2013-04-10'),
(225, 'SMARTCITY', 'Inti Smart Transportation', 'TELKOM', 'TITO', 62150000.00, '2013-04-13'),
(226, 'ICT', 'Inti Smart Converter Kit Gas', 'KAI', 'TITO', 1128930600000.00, '2013-03-28'),
(227, 'ICT', 'Inti Smart Reader', 'PERTAMINA', 'SMPBBM', 1678307675000.00, '2013-04-12'),
(228, 'ENERGI', 'Inti Smart Meeting dan Inti Smart Light', 'TELKOM', 'SMPBBM', 372513194000.00, '2013-03-07'),
(229, 'ICT', 'Sistem Pencegah Pelanggaran Sinyal (Garansi)', 'PUSLITBANG', 'SMPBBM', 22982500000.00, '2013-03-04'),
(230, 'ENERGI', 'Smart Metering', 'BPPT', 'SMPBBM', 22982500000.00, '2013-04-12'),
(231, 'SMARTCITY', 'Smart Grid', 'PLN', 'FTTH', 62150000.00, '2013-03-25'),
(232, 'ICT', 'Smart City', 'PUSLITBANG', 'TITO', 113750000.00, '2013-04-05'),
(233, 'ENERGI', 'Smart Light', 'TELKOM', 'SMPBBM', 22982500000.00, '2013-04-10'),
(234, 'TRANSPORTASI', 'SMPBBM', 'PLN', 'TITO', 372513194000.00, '2013-04-02'),
(235, 'ENERGI', 'Inti Smart Reader', 'TELKOM', 'SMPBBM', 21690000000.00, '2013-04-18'),
(236, 'TRANSPORTASI', 'Inti Smart Meeting dan Inti Smart Light', 'PERTAMINA', 'SMPBBM', 62150000.00, '2013-03-28'),
(237, 'ICT', 'Sistem Pencegah Pelanggaran Sinyal (Garansi)', 'PLN', 'FTTH', 113750000.00, '2013-04-05'),
(238, 'ICT', 'Smart Metering', 'BPPT', 'SMPBBM', 113750000.00, '2013-04-05'),
(239, 'ICT', 'Inti Smart Transportation', 'PLN', 'SMPBBM', 372513194000.00, '2013-05-03'),
(240, 'ICT', 'Inti Smart Converter Kit Gas', 'PERTAMINA', 'TITO', 878005000.00, '2013-03-01'),
(241, 'ENERGI', 'Inti Smart Reader', 'TELKOM', 'SMPBBM', 113750000.00, '2013-05-06'),
(242, 'TRANSPORTASI', 'Inti Smart Meeting dan Inti Smart Light', 'KAI', 'SMPBBM', 62150000.00, '2013-05-23'),
(243, 'ENERGI', 'Sistem Pencegah Pelanggaran Sinyal (Garansi)', 'PERTAMINA', 'TITO', 24689546.00, '2013-05-17'),
(244, 'ENERGI', 'Smart Metering', 'TELKOM', 'FTTH', 113750000.00, '2013-04-27'),
(245, 'TRANSPORTASI', 'Smart Grid', 'PUSLITBANG', 'FTTH', 22982500000.00, '2013-05-01'),
(246, 'ENERGI', 'Smart City', 'BPPT', 'SMPBBM', 22982500000.00, '2013-05-03'),
(247, 'ICT', 'Smart Light', 'PERTAMINA', 'SMPBBM', 6000000.00, '2013-04-26'),
(248, 'TRANSPORTASI', 'SMPBBM', 'PLN', 'SMPBBM', 113750000.00, '2013-05-25'),
(249, 'ENERGI', 'Inti Smart Reader', 'PERTAMINA', 'FTTH', 234567000.00, '2013-05-24'),
(250, 'ENERGI', 'Inti Smart Meeting dan Inti Smart Light', 'PLN', 'TITO', 54830530000.00, '2013-05-13'),
(251, 'ENERGI', 'Sistem Pencegah Pelanggaran Sinyal (Garansi)', 'KAI', 'SMPBBM', 1887410000.00, '2013-05-23'),
(252, 'ENERGI', 'Smart Metering', 'BIOFARMA', 'TITO', 1678307675000.00, '2013-05-03'),
(253, 'ENERGI', 'Inti Smart Transportation', 'BPPT', 'SMPBBM', 22982500000.00, '2013-05-29'),
(254, 'ICT', 'Inti Smart Converter Kit Gas', 'PUSLITBANG', 'SMPBBM', 62150000.00, '2013-07-12'),
(255, 'ICT', 'Inti Smart Reader', 'TELKOM', 'FTTH', 54830530000.00, '2013-07-23'),
(256, 'SMARTCITY', 'Inti Smart Meeting dan Inti Smart Light', 'TELKOM', 'SMPBBM', 22982500000.00, '2013-05-02'),
(257, 'ENERGI', 'Sistem Pencegah Pelanggaran Sinyal (Garansi)', 'PLN', 'SMPBBM', 62150000.00, '2013-05-29'),
(258, 'ENERGI', 'Smart Metering', 'PLN', 'TITO', 1678307675000.00, '2013-06-07'),
(259, 'ICT', 'Smart Grid', 'PLN', 'SMPBBM', 113750000.00, '2013-07-18'),
(260, 'ICT', 'Smart City', 'PUSLITBANG', 'SMPBBM', 1678307675000.00, '2013-07-18'),
(261, 'ENERGI', 'Smart Light', 'PLN', 'TITO', 22982500000.00, '2013-06-14'),
(262, 'ICT', 'SMPBBM', 'PUSLITBANG', 'FTTH', 7695909000.00, '2013-06-28'),
(263, 'TRANSPORTASI', 'Inti Smart Reader', 'TELKOM', 'FTTH', 1887410000.00, '2013-07-25'),
(264, 'SMARTCITY', 'Inti Smart Meeting dan Inti Smart Light', 'PLN', 'SMPBBM', 1678307675000.00, '2013-06-28'),
(265, 'ICT', 'Sistem Pencegah Pelanggaran Sinyal (Garansi)', 'TELKOM', 'SMPBBM', 22982500000.00, '2013-07-03'),
(266, 'ICT', 'Smart Metering', 'PERTAMINA', 'SMPBBM', 22982500000.00, '2013-07-25'),
(267, 'TRANSPORTASI', 'Inti Smart Transportation', 'PLN', 'FTTH', 22982500000.00, '2013-07-26'),
(268, 'ICT', 'Inti Smart Converter Kit Gas', 'BPPT', 'TITO', 21690000000.00, '2013-07-19'),
(269, 'ENERGI', 'Inti Smart Reader', 'PLN', 'SMPBBM', 22982500000.00, '2013-07-30'),
(270, 'ICT', 'Inti Smart Meeting dan Inti Smart Light', 'PERTAMINA', 'TITO', 1678307675000.00, '2013-06-20'),
(271, 'ENERGI', 'Sistem Pencegah Pelanggaran Sinyal (Garansi)', 'TELKOM', 'SMPBBM', 113750000.00, '2013-07-18'),
(272, 'ICT', 'Smart Metering', 'KAI', 'SMPBBM', 113750000.00, '2013-06-25'),
(273, 'ICT', 'Smart Grid', 'PERTAMINA', 'FTTH', 22982500000.00, '2013-07-26'),
(274, 'TRANSPORTASI', 'Smart City', 'TELKOM', 'SMPBBM', 113750000.00, '2013-06-28'),
(275, 'ENERGI', 'Smart Light', 'PUSLITBANG', 'SMPBBM', 489600000.00, '2013-07-19'),
(276, 'SMARTCITY', 'SMPBBM', 'BPPT', 'TITO', 113750000.00, '2013-09-06'),
(277, 'ENERGI', 'Inti Smart Reader', 'PLN', 'SMPBBM', 372513194000.00, '2013-07-31'),
(278, 'TRANSPORTASI', 'Inti Smart Meeting dan Inti Smart Light', 'PUSLITBANG', 'SMPBBM', 113750000.00, '2013-09-06'),
(279, 'ENERGI', 'Sistem Pencegah Pelanggaran Sinyal (Garansi)', 'TELKOM', 'TITO', 62150000.00, '2013-08-14'),
(280, 'TRANSPORTASI', 'Smart Metering', 'PLN', 'FTTH', 1128930600000.00, '2013-09-11'),
(281, 'ICT', 'Inti Smart Transportation', 'TELKOM', 'FTTH', 1238844650000.00, '2013-09-19'),
(282, 'ENERGI', 'Inti Smart Converter Kit Gas', 'PERTAMINA', 'SMPBBM', 22982500000.00, '2013-09-13'),
(283, 'ICT', 'Inti Smart Reader', 'PLN', 'SMPBBM', 22982500000.00, '2013-09-13'),
(284, 'ICT', 'Inti Smart Meeting dan Inti Smart Light', 'BPPT', 'SMPBBM', 22982500000.00, '2013-08-21'),
(285, 'ENERGI', 'Sistem Pencegah Pelanggaran Sinyal (Garansi)', 'PLN', 'FTTH', 1678307675000.00, '2013-08-28'),
(286, 'TRANSPORTASI', 'Smart Metering', 'PERTAMINA', 'TITO', 1678307675000.00, '2013-09-05'),
(287, 'SMARTCITY', 'Smart Grid', 'TELKOM', 'SMPBBM', 161965550.00, '2013-09-13'),
(288, 'SMARTCITY', 'Smart City', 'KAI', 'TITO', 113750000.00, '2013-09-19'),
(289, 'SMARTCITY', 'Smart Light', 'PERTAMINA', 'SMPBBM', 372513194000.00, '2013-09-13'),
(290, 'SMARTCITY', 'SMPBBM', 'TELKOM', 'SMPBBM', 113750000.00, '2013-08-25'),
(291, 'ICT', 'Inti Smart Reader', 'PUSLITBANG', 'FTTH', 113750000.00, '2013-09-27'),
(292, 'ICT', 'Inti Smart Meeting dan Inti Smart Light', 'BPPT', 'SMPBBM', 113750000.00, '2013-09-13'),
(293, 'ENERGI', 'Sistem Pencegah Pelanggaran Sinyal (Garansi)', 'PERTAMINA', 'SMPBBM', 113750000.00, '2013-09-20'),
(294, 'TRANSPORTASI', 'Smart Metering', 'PLN', 'TITO', 62150000.00, '2013-10-25'),
(295, 'ENERGI', 'Inti Smart Transportation', 'PERTAMINA', 'SMPBBM', 6000000.00, '2013-10-22'),
(296, 'SMARTCITY', 'Inti Smart Converter Kit Gas', 'PLN', 'SMPBBM', 113750000.00, '2013-10-29'),
(297, 'SMARTCITY', 'Inti Smart Reader', 'KAI', 'TITO', 62150000.00, '2013-10-29'),
(298, 'TRANSPORTASI', 'Inti Smart Meeting dan Inti Smart Light', 'BIOFARMA', 'FTTH', 1678307675000.00, '2013-10-12'),
(299, 'SMARTCITY', 'Sistem Pencegah Pelanggaran Sinyal (Garansi)', 'KAI', 'FTTH', 22982500000.00, '2013-09-20'),
(300, 'ENERGI', 'Smart Metering', 'PUSLITBANG', 'SMPBBM', 31650000000.00, '2013-09-27'),
(301, 'TRANSPORTASI', 'Smart Grid', 'TELKOM', 'SMPBBM', 25497609000.00, '2013-09-27'),
(302, 'ICT', 'Smart City', 'TELKOM', 'SMPBBM', 22982500000.00, '2013-10-12'),
(303, 'SMARTCITY', 'Smart Light', 'PLN', 'FTTH', 62150000.00, '2013-10-18'),
(304, 'ICT', 'SMPBBM', 'PLN', 'TITO', 62150000.00, '2013-09-27'),
(305, 'ENERGI', 'Inti Smart Reader', 'PLN', 'SMPBBM', 22982500000.00, '2013-11-30'),
(306, 'SMARTCITY', 'Inti Smart Meeting dan Inti Smart Light', 'PUSLITBANG', 'TITO', 22982500000.00, '2013-11-30'),
(307, 'SMARTCITY', 'Sistem Pencegah Pelanggaran Sinyal (Garansi)', 'PLN', 'SMPBBM', 1377362244.00, '2013-11-04'),
(308, 'ICT', 'Smart Metering', 'PUSLITBANG', 'SMPBBM', 62150000.00, '2013-11-04'),
(309, 'ICT', 'Inti Smart Transportation', 'TELKOM', 'FTTH', 22982500000.00, '2013-11-21'),
(310, 'ENERGI', 'Inti Smart Converter Kit Gas', 'PLN', 'SMPBBM', 22982500000.00, '2013-11-30'),
(311, 'ENERGI', 'Inti Smart Reader', 'TELKOM', 'SMPBBM', 22982500000.00, '2013-12-02'),
(312, 'SMARTCITY', 'Inti Smart Meeting dan Inti Smart Light', 'PERTAMINA', 'TITO', 1678307675000.00, '2013-11-30'),
(313, 'TRANSPORTASI', 'Sistem Pencegah Pelanggaran Sinyal (Garansi)', 'PLN', 'SMPBBM', 62150000.00, '2013-11-25'),
(314, 'SMARTCITY', 'Smart Metering', 'BPPT', 'SMPBBM', 22982500000.00, '2013-11-21'),
(315, 'ENERGI', 'Smart Grid', 'PLN', 'TITO', 62150000.00, '2013-11-21'),
(316, 'TRANSPORTASI', 'Smart City', 'PERTAMINA', 'FTTH', 2370000000.00, '2013-11-29'),
(317, 'ICT', 'Smart Light', 'TELKOM', 'FTTH', 1678307675000.00, '2013-12-03'),
(318, 'ICT', 'SMPBBM', 'KAI', 'SMPBBM', 113750000.00, '2013-11-04'),
(319, 'TRANSPORTASI', 'Inti Smart Reader', 'PERTAMINA', 'SMPBBM', 25497609000.00, '2013-11-29'),
(320, 'ENERGI', 'Inti Smart Meeting dan Inti Smart Light', 'TELKOM', 'SMPBBM', 1678307675000.00, '2013-12-03'),
(321, 'TRANSPORTASI', 'Sistem Pencegah Pelanggaran Sinyal (Garansi)', 'PUSLITBANG', 'FTTH', 25497609000.00, '2013-11-01'),
(322, 'ENERGI', 'Smart Metering', 'BPPT', 'TITO', 22982500000.00, '2013-11-21'),
(323, 'ICT', 'Inti Smart Transportation', 'PLN', 'SMPBBM', 62150000.00, '2013-11-21'),
(324, 'ICT', 'Inti Smart Converter Kit Gas', 'PUSLITBANG', 'TITO', 372513194000.00, '2013-11-30'),
(325, 'ICT', 'Inti Smart Reader', 'TELKOM', 'SMPBBM', 54830530000.00, '2013-11-30'),
(326, 'TRANSPORTASI', 'Inti Smart Meeting dan Inti Smart Light', 'PLN', 'SMPBBM', 62150000.00, '2013-11-29'),
(327, 'SMARTCITY', 'Sistem Pencegah Pelanggaran Sinyal (Garansi)', 'TELKOM', 'FTTH', 1678307675000.00, '2013-11-14'),
(328, 'ICT', 'Smart Metering', 'PERTAMINA', 'SMPBBM', 1678307675000.00, '2013-11-08'),
(329, 'SMARTCITY', 'Smart Grid', 'PLN', 'SMPBBM', 1678307675000.00, '2013-11-06'),
(330, 'ENERGI', 'Smart City', 'BPPT', 'TITO', 22982500000.00, '2013-11-30'),
(331, 'ENERGI', 'Smart Light', 'PLN', 'SMPBBM', 72076000.00, '2013-11-30'),
(332, 'ENERGI', 'SMPBBM', 'PERTAMINA', 'SMPBBM', 113750000.00, '2013-11-01'),
(333, 'SMARTCITY', 'Inti Smart Reader', 'TELKOM', 'TITO', 1678307675000.00, '2013-11-29'),
(334, 'SMARTCITY', 'Inti Smart Meeting dan Inti Smart Light', 'KAI', 'FTTH', 113750000.00, '2013-11-30'),
(335, 'ENERGI', 'Sistem Pencegah Pelanggaran Sinyal (Garansi)', 'PERTAMINA', 'FTTH', 113750000.00, '2013-12-16'),
(336, 'ENERGI', 'Smart Metering', 'TELKOM', 'SMPBBM', 22982500000.00, '2014-02-28'),
(337, 'TRANSPORTASI', 'Inti Smart Transportation', 'PUSLITBANG', 'SMPBBM', 372513194000.00, '2013-12-20'),
(338, 'SMARTCITY', 'Inti Smart Converter Kit Gas', 'BPPT', 'SMPBBM', 31650000.00, '2013-12-31'),
(339, 'TRANSPORTASI', 'Inti Smart Reader', 'PERTAMINA', 'FTTH', 113750000.00, '2013-12-23'),
(340, 'ICT', 'Inti Smart Meeting dan Inti Smart Light', 'PLN', 'TITO', 22982500000.00, '2013-12-07'),
(341, 'ENERGI', 'Sistem Pencegah Pelanggaran Sinyal (Garansi)', 'PERTAMINA', 'SMPBBM', 1678307675000.00, '2014-02-28'),
(342, 'TRANSPORTASI', 'Smart Metering', 'PLN', 'TITO', 113750000.00, '2013-12-13'),
(343, 'ENERGI', 'Smart Grid', 'KAI', 'SMPBBM', 113750000.00, '2013-12-31'),
(344, 'ENERGI', 'Smart City', 'BIOFARMA', 'SMPBBM', 22982500000.00, '2013-12-31'),
(345, 'ENERGI', 'Smart Light', 'BPPT', 'FTTH', 372513194000.00, '2013-12-31'),
(346, 'ENERGI', 'SMPBBM', 'PUSLITBANG', 'SMPBBM', 22982500000.00, '2013-12-31'),
(347, 'SMARTCITY', 'Inti Smart Reader', 'TELKOM', 'SMPBBM', 113750000.00, '2013-12-31'),
(348, 'ENERGI', 'Inti Smart Meeting dan Inti Smart Light', 'TELKOM', 'TITO', 22982500000.00, '2013-12-30'),
(349, 'TRANSPORTASI', 'Sistem Pencegah Pelanggaran Sinyal (Garansi)', 'PLN', 'SMPBBM', 113750000.00, '2014-02-21'),
(350, 'SMARTCITY', 'Smart Metering', 'PLN', 'SMPBBM', 62150000.00, '2013-12-31'),
(351, 'TRANSPORTASI', 'Inti Smart Transportation', 'PLN', 'TITO', 113750000.00, '2013-12-31'),
(352, 'ENERGI', 'Inti Smart Converter Kit Gas', 'PUSLITBANG', 'FTTH', 22982500000.00, '2013-12-13'),
(353, 'ENERGI', 'Inti Smart Reader', 'PLN', 'FTTH', 22982500000.00, '2013-12-13'),
(354, 'TRANSPORTASI', 'Inti Smart Meeting dan Inti Smart Light', 'PUSLITBANG', 'SMPBBM', 1678307675000.00, '2014-02-05'),
(355, 'ICT', 'Sistem Pencegah Pelanggaran Sinyal (Garansi)', 'TELKOM', 'SMPBBM', 3144896.00, '2013-12-20'),
(356, 'ICT', 'Smart Metering', 'PLN', 'SMPBBM', 22982500000.00, '2014-02-19'),
(357, 'TRANSPORTASI', 'Smart Grid', 'TELKOM', 'FTTH', 62150000.00, '2013-12-28'),
(358, 'ICT', 'Smart City', 'PERTAMINA', 'TITO', 62150000.00, '2013-12-25'),
(359, 'ICT', 'Smart Light', 'PLN', 'SMPBBM', 372513194000.00, '2013-12-11'),
(360, 'ENERGI', 'SMPBBM', 'BPPT', 'TITO', 372513194000.00, '2013-12-31'),
(361, 'ENERGI', 'Inti Smart Reader', 'PLN', 'SMPBBM', 113750000.00, '2013-12-31'),
(362, 'TRANSPORTASI', 'Inti Smart Meeting dan Inti Smart Light', 'PERTAMINA', 'SMPBBM', 1678307675000.00, '2013-12-31'),
(363, 'ENERGI', 'Sistem Pencegah Pelanggaran Sinyal (Garansi)', 'TELKOM', 'FTTH', 1128930600000.00, '2013-12-31'),
(364, 'SMARTCITY', 'Smart Metering', 'KAI', 'SMPBBM', 22982500000.00, '2013-12-31'),
(365, 'ENERGI', 'Inti Smart Transportation', 'PERTAMINA', 'SMPBBM', 22982500000.00, '2013-12-30'),
(366, 'TRANSPORTASI', 'Inti Smart Converter Kit Gas', 'TELKOM', 'TITO', 22982500000.00, '2013-12-20'),
(367, 'ICT', 'Inti Smart Reader', 'PUSLITBANG', 'SMPBBM', 113750000.00, '2014-06-24'),
(368, 'ICT', 'Inti Smart Meeting dan Inti Smart Light', 'BPPT', 'SMPBBM', 369616555000.00, '2013-12-18'),
(369, 'ENERGI', 'Sistem Pencegah Pelanggaran Sinyal (Garansi)', 'PLN', 'TITO', 62150000.00, '2013-12-31'),
(370, 'TRANSPORTASI', 'Smart Metering', 'PUSLITBANG', 'FTTH', 1678307675000.00, '2014-05-23'),
(371, 'ENERGI', 'Smart Grid', 'TELKOM', 'FTTH', 1238844650000.00, '2013-12-31'),
(372, 'ENERGI', 'Smart City', 'PLN', 'SMPBBM', 592699120000.00, '2014-06-20'),
(373, 'ENERGI', 'Smart Light', 'TELKOM', 'SMPBBM', 62150000.00, '2013-12-31'),
(374, 'ENERGI', 'SMPBBM', 'PERTAMINA', 'SMPBBM', 22982500000.00, '2014-02-03'),
(375, 'TRANSPORTASI', 'Inti Smart Reader', 'PLN', 'FTTH', 1678307675000.00, '2013-12-11'),
(376, 'ICT', 'Inti Smart Meeting dan Inti Smart Light', 'BPPT', 'TITO', 62150000.00, '2013-12-20'),
(377, 'ICT', 'Sistem Pencegah Pelanggaran Sinyal (Garansi)', 'PLN', 'SMPBBM', 113750000.00, '2014-06-20'),
(378, 'SMARTCITY', 'Smart Metering', 'PERTAMINA', 'TITO', 22982500000.00, '2014-05-19'),
(379, 'TRANSPORTASI', 'Inti Smart Transportation', 'TELKOM', 'SMPBBM', 6000000.00, '2014-05-30'),
(380, 'ENERGI', 'Inti Smart Converter Kit Gas', 'KAI', 'SMPBBM', 22982500000.00, '2014-05-30'),
(381, 'SMARTCITY', 'Inti Smart Reader', 'PERTAMINA', 'FTTH', 54830530000.00, '2014-04-25'),
(382, 'ENERGI', 'Inti Smart Meeting dan Inti Smart Light', 'TELKOM', 'SMPBBM', 62150000.00, '2014-04-29'),
(383, 'ICT', 'Sistem Pencegah Pelanggaran Sinyal (Garansi)', 'PUSLITBANG', 'SMPBBM', 113750000.00, '2014-04-22'),
(384, 'SMARTCITY', 'Smart Metering', 'BPPT', 'TITO', 113750000.00, '2014-05-16'),
(385, 'ENERGI', 'Smart Grid', 'PERTAMINA', 'SMPBBM', 1204000000.00, '2014-05-23'),
(386, 'SMARTCITY', 'Smart City', 'PLN', 'SMPBBM', 62150000.00, '2014-04-25'),
(387, 'ENERGI', 'Smart Light', 'PERTAMINA', 'TITO', 372513194000.00, '2014-04-28'),
(388, 'ENERGI', 'SMPBBM', 'PLN', 'FTTH', 1678307675000.00, '2014-04-28'),
(389, 'ICT', 'Inti Smart Reader', 'KAI', 'FTTH', 62150000.00, '2014-04-28'),
(390, 'ICT', 'Inti Smart Meeting dan Inti Smart Light', 'BIOFARMA', 'SMPBBM', 62150000.00, '2014-05-30'),
(391, 'ENERGI', 'Sistem Pencegah Pelanggaran Sinyal (Garansi)', 'BPPT', 'SMPBBM', 372513194000.00, '2014-05-12'),
(392, 'ENERGI', 'Smart Metering', 'PUSLITBANG', 'SMPBBM', 113750000.00, '2014-05-30'),
(393, 'ENERGI', 'Inti Smart Transportation', 'TELKOM', 'FTTH', 113750000.00, '2014-06-24'),
(394, 'ENERGI', 'Inti Smart Converter Kit Gas', 'TELKOM', 'TITO', 1678307675000.00, '2014-06-27'),
(395, 'SMARTCITY', 'Inti Smart Reader', 'PLN', 'SMPBBM', 1678307675000.00, '2014-06-10'),
(396, 'ENERGI', 'Inti Smart Meeting dan Inti Smart Light', 'PLN', 'TITO', 30000000.00, '2014-05-23'),
(397, 'ICT', 'Sistem Pencegah Pelanggaran Sinyal (Garansi)', 'PLN', 'SMPBBM', 22982500000.00, '2014-04-25'),
(398, 'ENERGI', 'Smart Metering', 'PUSLITBANG', 'SMPBBM', 22982500000.00, '2014-05-23'),
(399, 'SMARTCITY', 'Smart Grid', 'PLN', 'FTTH', 372513194000.00, '2014-04-28'),
(400, 'SMARTCITY', 'Smart City', 'PUSLITBANG', 'SMPBBM', 1678307675000.00, '2014-04-28'),
(401, 'ICT', 'Smart Light', 'TELKOM', 'SMPBBM', 54830530000.00, '2014-05-02'),
(402, 'ENERGI', 'SMPBBM', 'PLN', 'TITO', 22982500000.00, '2014-05-12'),
(403, 'ENERGI', 'Inti Smart Reader', 'TELKOM', 'SMPBBM', 21690000000.00, '2014-05-30'),
(404, 'ICT', 'Inti Smart Meeting dan Inti Smart Light', 'PERTAMINA', 'SMPBBM', 62150000.00, '2014-05-23'),
(405, 'TRANSPORTASI', 'Sistem Pencegah Pelanggaran Sinyal (Garansi)', 'PLN', 'TITO', 62150000.00, '2014-05-23'),
(406, 'ENERGI', 'Smart Metering', 'BPPT', 'FTTH', 62150000.00, '2014-05-23'),
(407, 'ENERGI', 'Inti Smart Transportation', 'PLN', 'FTTH', 372513194000.00, '2014-05-30'),
(408, 'TRANSPORTASI', 'Inti Smart Converter Kit Gas', 'PERTAMINA', 'SMPBBM', 1678307675000.00, '2014-06-24'),
(409, 'ICT', 'Inti Smart Reader', 'TELKOM', 'SMPBBM', 62150000.00, '2014-06-10'),
(410, 'SMARTCITY', 'Inti Smart Meeting dan Inti Smart Light', 'KAI', 'SMPBBM', 878005000.00, '2014-07-23'),
(411, 'SMARTCITY', 'Sistem Pencegah Pelanggaran Sinyal (Garansi)', 'PERTAMINA', 'FTTH', 22982500000.00, '2014-07-23'),
(412, 'ENERGI', 'Smart Metering', 'TELKOM', 'TITO', 372513194000.00, '2014-08-05'),
(413, 'ICT', 'Smart Grid', 'PUSLITBANG', 'SMPBBM', 21690000000.00, '2014-05-25'),
(414, 'SMARTCITY', 'Smart City', 'BPPT', 'TITO', 25497609000.00, '2014-05-30'),
(415, 'TRANSPORTASI', 'Smart Light', 'PLN', 'SMPBBM', 31650000000.00, '2014-05-23'),
(416, 'TRANSPORTASI', 'SMPBBM', 'PUSLITBANG', 'SMPBBM', 22982500000.00, '2014-05-23'),
(417, 'ENERGI', 'Inti Smart Reader', 'TELKOM', 'FTTH', 372513194000.00, '2014-07-23'),
(418, 'ENERGI', 'Inti Smart Meeting dan Inti Smart Light', 'PLN', 'SMPBBM', 22982500000.00, '2014-06-24'),
(419, 'ENERGI', 'Sistem Pencegah Pelanggaran Sinyal (Garansi)', 'TELKOM', 'SMPBBM', 1678307675000.00, '2014-07-23'),
(420, 'ICT', 'Smart Metering', 'PERTAMINA', 'TITO', 372513194000.00, '2014-06-27'),
(421, 'TRANSPORTASI', 'Inti Smart Transportation', 'PLN', 'SMPBBM', 22982500000.00, '2014-08-15'),
(422, 'SMARTCITY', 'Inti Smart Converter Kit Gas', 'BPPT', 'SMPBBM', 372513194000.00, '2014-07-08'),
(423, 'ICT', 'Inti Smart Reader', 'PLN', 'TITO', 113750000.00, '2014-06-30'),
(424, 'ENERGI', 'Inti Smart Meeting dan Inti Smart Light', 'PERTAMINA', 'FTTH', 22982500000.00, '2014-06-20'),
(425, 'ICT', 'Sistem Pencegah Pelanggaran Sinyal (Garansi)', 'TELKOM', 'FTTH', 113750000.00, '2014-06-30'),
(426, 'TRANSPORTASI', 'Smart Metering', 'KAI', 'SMPBBM', 22982500000.00, '2014-07-23'),
(427, 'ENERGI', 'Smart Grid', 'PERTAMINA', 'SMPBBM', 113750000.00, '2014-06-13'),
(428, 'TRANSPORTASI', 'Smart City', 'TELKOM', 'SMPBBM', 62150000.00, '2014-08-15'),
(429, 'ICT', 'Smart Light', 'PUSLITBANG', 'FTTH', 113750000.00, '2014-06-30'),
(430, 'TRANSPORTASI', 'SMPBBM', 'BPPT', 'TITO', 1678307675000.00, '2014-06-10'),
(431, 'ENERGI', 'Inti Smart Reader', 'PERTAMINA', 'SMPBBM', 22982500000.00, '2014-06-30'),
(432, 'SMARTCITY', 'Inti Smart Meeting dan Inti Smart Light', 'PLN', 'TITO', 1678307675000.00, '2014-08-25'),
(433, 'ICT', 'Sistem Pencegah Pelanggaran Sinyal (Garansi)', 'PERTAMINA', 'SMPBBM', 21690000000.00, '2014-09-01'),
(434, 'SMARTCITY', 'Smart Metering', 'PLN', 'SMPBBM', 62150000.00, '2014-06-30'),
(435, 'ENERGI', 'Inti Smart Transportation', 'KAI', 'FTTH', 586920920000.00, '2014-06-30'),
(436, 'ENERGI', 'Inti Smart Converter Kit Gas', 'BIOFARMA', 'SMPBBM', 1887410000.00, '2014-08-28'),
(437, 'SMARTCITY', 'Inti Smart Reader', 'BPPT', 'SMPBBM', 113750000.00, '2014-06-27'),
(438, 'TRANSPORTASI', 'Inti Smart Meeting dan Inti Smart Light', 'PUSLITBANG', 'TITO', 113750000.00, '2014-08-20'),
(439, 'SMARTCITY', 'Sistem Pencegah Pelanggaran Sinyal (Garansi)', 'TELKOM', 'SMPBBM', 22982500000.00, '2014-06-25'),
(440, 'ICT', 'Smart Metering', 'TELKOM', 'SMPBBM', 1238844650000.00, '2014-08-29'),
(441, 'SMARTCITY', 'Smart Grid', 'PLN', 'TITO', 25497609000.00, '2014-08-29'),
(442, 'ICT', 'Smart City', 'PLN', 'FTTH', 1678307675000.00, '2014-06-11'),
(443, 'TRANSPORTASI', 'Smart Light', 'PLN', 'FTTH', 62150000.00, '2014-09-01'),
(444, 'TRANSPORTASI', 'SMPBBM', 'PUSLITBANG', 'SMPBBM', 113750000.00, '2014-09-01'),
(445, 'TRANSPORTASI', 'Inti Smart Reader', 'PLN', 'SMPBBM', 1678307675000.00, '2014-06-27'),
(446, 'SMARTCITY', 'Inti Smart Meeting dan Inti Smart Light', 'PUSLITBANG', 'SMPBBM', 372513194000.00, '2014-10-30'),
(447, 'ENERGI', 'Sistem Pencegah Pelanggaran Sinyal (Garansi)', 'TELKOM', 'FTTH', 1678307675000.00, '2014-09-11'),
(448, 'TRANSPORTASI', 'Smart Metering', 'PLN', 'TITO', 878005000.00, '2014-11-01'),
(449, 'TRANSPORTASI', 'Inti Smart Transportation', 'TELKOM', 'SMPBBM', 62150000.00, '2014-09-11'),
(450, 'ENERGI', 'Inti Smart Converter Kit Gas', 'PERTAMINA', 'TITO', 1678307675000.00, '2014-09-05'),
(451, 'ICT', 'Inti Smart Reader', 'PLN', 'SMPBBM', 1678307675000.00, '2014-09-05'),
(452, 'ICT', 'Inti Smart Meeting dan Inti Smart Light', 'BPPT', 'SMPBBM', 1678307675000.00, '2014-11-03'),
(453, 'ENERGI', 'Sistem Pencegah Pelanggaran Sinyal (Garansi)', 'PLN', 'FTTH', 62150000.00, '2014-09-10'),
(454, 'ICT', 'Smart Metering', 'PERTAMINA', 'SMPBBM', 22982500000.00, '2014-09-02'),
(455, 'SMARTCITY', 'Smart Grid', 'TELKOM', 'SMPBBM', 113750000.00, '2014-09-05'),
(456, 'ENERGI', 'Smart City', 'KAI', 'TITO', 113750000.00, '2014-09-29'),
(457, 'ENERGI', 'Smart Light', 'PERTAMINA', 'SMPBBM', 113750000.00, '2014-09-29'),
(458, 'ENERGI', 'SMPBBM', 'TELKOM', 'SMPBBM', 113750000.00, '2014-09-24'),
(459, 'ENERGI', 'Inti Smart Reader', 'PUSLITBANG', 'TITO', 1678307675000.00, '2014-10-31'),
(460, 'SMARTCITY', 'Inti Smart Meeting dan Inti Smart Light', 'BPPT', 'FTTH', 372513194000.00, '2014-09-29'),
(461, 'ENERGI', 'Sistem Pencegah Pelanggaran Sinyal (Garansi)', 'PLN', 'FTTH', 22982500000.00, '2014-10-03'),
(462, 'ENERGI', 'Smart Metering', 'PUSLITBANG', 'SMPBBM', 113750000.00, '2014-10-31'),
(463, 'SMARTCITY', 'Inti Smart Transportation', 'TELKOM', 'SMPBBM', 113750000.00, '2014-10-17'),
(464, 'SMARTCITY', 'Inti Smart Converter Kit Gas', 'PLN', 'SMPBBM', 54830530000.00, '2014-10-16'),
(465, 'ICT', 'Inti Smart Reader', 'TELKOM', 'FTTH', 113750000.00, '2014-10-15'),
(466, 'TRANSPORTASI', 'Inti Smart Meeting dan Inti Smart Light', 'PERTAMINA', 'TITO', 372513194000.00, '2014-10-09'),
(467, 'ICT', 'Sistem Pencegah Pelanggaran Sinyal (Garansi)', 'PLN', 'SMPBBM', 62150000.00, '2014-10-06'),
(468, 'SMARTCITY', 'Smart Metering', 'BPPT', 'TITO', 22982500000.00, '2014-09-23'),
(469, 'ENERGI', 'Smart Grid', 'PLN', 'SMPBBM', 113750000.00, '2014-10-22'),
(470, 'ENERGI', 'Smart City', 'PERTAMINA', 'SMPBBM', 62150000.00, '2014-10-24'),
(471, 'ICT', 'Smart Light', 'TELKOM', 'FTTH', 372513194000.00, '2014-10-13'),
(472, 'SMARTCITY', 'SMPBBM', 'KAI', 'SMPBBM', 113750000.00, '2014-10-15'),
(473, 'ENERGI', 'Inti Smart Reader', 'PERTAMINA', 'SMPBBM', 1678307675000.00, '2014-09-29'),
(474, 'TRANSPORTASI', 'Inti Smart Meeting dan Inti Smart Light', 'TELKOM', 'TITO', 54830530000.00, '2014-11-05'),
(475, 'TRANSPORTASI', 'Sistem Pencegah Pelanggaran Sinyal (Garansi)', 'PUSLITBANG', 'SMPBBM', 372513194000.00, '2014-11-12'),
(476, 'ENERGI', 'Smart Metering', 'BPPT', 'SMPBBM', 62150000.00, '2014-11-07'),
(477, 'ICT', 'Inti Smart Transportation', 'PERTAMINA', 'TITO', 25497609000.00, '2014-11-07'),
(478, 'ENERGI', 'Inti Smart Converter Kit Gas', 'PLN', 'FTTH', 22982500000.00, '2014-10-17'),
(479, 'ENERGI', 'Inti Smart Reader', 'PERTAMINA', 'FTTH', 1678307675000.00, '2014-10-17'),
(480, 'ENERGI', 'Inti Smart Meeting dan Inti Smart Light', 'PLN', 'SMPBBM', 22982500000.00, '2014-12-09'),
(481, 'ICT', 'Sistem Pencegah Pelanggaran Sinyal (Garansi)', 'KAI', 'SMPBBM', 62150000.00, '2014-12-17'),
(482, 'ENERGI', 'Smart Metering', 'BIOFARMA', 'SMPBBM', 1678307675000.00, '2014-12-09'),
(483, 'ENERGI', 'Smart Grid', 'BPPT', 'FTTH', 372513194000.00, '2014-12-12'),
(484, 'TRANSPORTASI', 'Smart City', 'PUSLITBANG', 'TITO', 22982500000.00, '2014-11-28'),
(485, 'TRANSPORTASI', 'Smart Light', 'TELKOM', 'SMPBBM', 25497609000.00, '2014-11-17'),
(486, 'ENERGI', 'SMPBBM', 'TELKOM', 'TITO', 1678307675000.00, '2014-11-28'),
(487, 'ICT', 'Inti Smart Reader', 'PLN', 'SMPBBM', 22982500000.00, '2014-12-08'),
(488, 'SMARTCITY', 'Inti Smart Meeting dan Inti Smart Light', 'PLN', 'SMPBBM', 113750000.00, '2014-11-26'),
(489, 'SMARTCITY', 'Sistem Pencegah Pelanggaran Sinyal (Garansi)', 'PLN', 'FTTH', 372513194000.00, '2014-11-28'),
(490, 'TRANSPORTASI', 'Smart Metering', 'PUSLITBANG', 'SMPBBM', 62150000.00, '2014-12-10'),
(491, 'ENERGI', 'Inti Smart Transportation', 'PLN', 'SMPBBM', 1678307675000.00, '2014-12-05'),
(492, 'ENERGI', 'Inti Smart Converter Kit Gas', 'PUSLITBANG', 'TITO', 1238844650000.00, '2015-01-22'),
(493, 'ENERGI', 'Inti Smart Reader', 'TELKOM', 'SMPBBM', 372513194000.00, '2015-01-16'),
(494, 'ICT', 'Inti Smart Meeting dan Inti Smart Light', 'PLN', 'SMPBBM', 1678307675000.00, '2015-01-26'),
(495, 'TRANSPORTASI', 'Sistem Pencegah Pelanggaran Sinyal (Garansi)', 'TELKOM', 'TITO', 62150000.00, '2014-11-28'),
(496, 'TRANSPORTASI', 'Smart Metering', 'PERTAMINA', 'FTTH', 72076000.00, '2014-11-28'),
(497, 'SMARTCITY', 'Smart Grid', 'PLN', 'FTTH', 62150000.00, '2014-12-18'),
(498, 'TRANSPORTASI', 'Smart City', 'BPPT', 'SMPBBM', 22982500000.00, '2015-01-31'),
(499, 'ICT', 'Smart Light', 'PLN', 'SMPBBM', 557632665000.00, '2015-01-12'),
(500, 'ICT', 'SMPBBM', 'PERTAMINA', 'SMPBBM', 1887410000.00, '2014-12-31'),
(501, 'ENERGI', 'Inti Smart Reader', 'TELKOM', 'FTTH', 62150000.00, '2015-01-16'),
(502, 'TRANSPORTASI', 'Inti Smart Meeting dan Inti Smart Light', 'KAI', 'TITO', 62150000.00, '2014-12-30'),
(503, 'TRANSPORTASI', 'Sistem Pencegah Pelanggaran Sinyal (Garansi)', 'PERTAMINA', 'SMPBBM', 372513194000.00, '2014-12-02'),
(504, 'SMARTCITY', 'Smart Metering', 'TELKOM', 'TITO', 62150000.00, '2015-01-31'),
(505, 'SMARTCITY', 'Inti Smart Transportation', 'PUSLITBANG', 'SMPBBM', 1678307675000.00, '2015-01-08'),
(506, 'TRANSPORTASI', 'Inti Smart Converter Kit Gas', 'BPPT', 'SMPBBM', 62150000.00, '2015-01-22'),
(507, 'ICT', 'Inti Smart Reader', 'PLN', 'FTTH', 1678307675000.00, '2015-01-22'),
(508, 'TRANSPORTASI', 'Inti Smart Meeting dan Inti Smart Light', 'PUSLITBANG', 'SMPBBM', 1887410000.00, '2015-01-12'),
(509, 'TRANSPORTASI', 'Sistem Pencegah Pelanggaran Sinyal (Garansi)', 'TELKOM', 'SMPBBM', 372513194000.00, '2014-12-16'),
(510, 'ICT', 'Smart Metering', 'PLN', 'TITO', 1678307675000.00, '2014-12-16'),
(511, 'TRANSPORTASI', 'Smart Grid', 'TELKOM', 'SMPBBM', 113750000.00, '2015-01-31'),
(512, 'ICT', 'Smart City', 'PERTAMINA', 'SMPBBM', 6000000.00, '2014-12-30'),
(513, 'SMARTCITY', 'Smart Light', 'PLN', 'TITO', 22982500000.00, '2014-12-30'),
(514, 'SMARTCITY', 'SMPBBM', 'BPPT', 'FTTH', 372513194000.00, '2015-01-22'),
(515, 'TRANSPORTASI', 'Inti Smart Reader', 'PLN', 'SMPBBM', 22982500000.00, '2015-01-22'),
(516, 'SMARTCITY', 'Inti Smart Meeting dan Inti Smart Light', 'PERTAMINA', 'SMPBBM', 113750000.00, '2015-01-31'),
(517, 'ENERGI', 'Sistem Pencegah Pelanggaran Sinyal (Garansi)', 'TELKOM', 'TITO', 62150000.00, '2015-02-03'),
(518, 'ENERGI', 'Smart Metering', 'KAI', 'SMPBBM', 62150000.00, '2014-12-30'),
(519, 'ICT', 'Inti Smart Transportation', 'PERTAMINA', 'SMPBBM', 592699120000.00, '2014-12-29'),
(520, 'SMARTCITY', 'Inti Smart Converter Kit Gas', 'TELKOM', 'TITO', 22982500000.00, '2014-12-20'),
(521, 'TRANSPORTASI', 'Inti Smart Reader', 'PUSLITBANG', 'FTTH', 1678307675000.00, '2014-12-31'),
(522, 'ENERGI', 'Inti Smart Meeting dan Inti Smart Light', 'BPPT', 'FTTH', 62150000.00, '2014-12-17'),
(523, 'ICT', 'Sistem Pencegah Pelanggaran Sinyal (Garansi)', 'PERTAMINA', 'SMPBBM', 22982500000.00, '2015-01-31'),
(524, 'SMARTCITY', 'Smart Metering', 'PLN', 'SMPBBM', 62150000.00, '2015-01-31'),
(525, 'ENERGI', 'Smart Grid', 'PERTAMINA', 'SMPBBM', 1678307675000.00, '2014-01-22'),
(526, 'ICT', 'Smart City', 'PLN', 'FTTH', 22982500000.00, '2014-01-24'),
(527, 'ICT', 'Smart Light', 'KAI', 'TITO', 1678307675000.00, '2014-01-05'),
(528, 'ENERGI', 'SMPBBM', 'BIOFARMA', 'SMPBBM', 372513194000.00, '2014-01-09'),
(529, 'ICT', 'Inti Smart Reader', 'BPPT', 'TITO', 372513194000.00, '2014-01-13'),
(530, 'ENERGI', 'Inti Smart Meeting dan Inti Smart Light', 'PUSLITBANG', 'SMPBBM', 372513194000.00, '2014-02-07'),
(531, 'SMARTCITY', 'Sistem Pencegah Pelanggaran Sinyal (Garansi)', 'TELKOM', 'SMPBBM', 22982500000.00, '2014-02-19'),
(532, 'ENERGI', 'Smart Metering', 'TELKOM', 'FTTH', 62150000.00, '2014-02-10'),
(533, 'ENERGI', 'Inti Smart Transportation', 'PLN', 'SMPBBM', 22982500000.00, '2014-02-05'),
(534, 'ENERGI', 'Inti Smart Converter Kit Gas', 'PLN', 'SMPBBM', 372513194000.00, '2014-02-05'),
(535, 'ENERGI', 'Inti Smart Reader', 'PLN', 'TITO', 62150000.00, '2014-02-14'),
(536, 'ENERGI', 'Inti Smart Meeting dan Inti Smart Light', 'PUSLITBANG', 'SMPBBM', 22982500000.00, '2014-02-28'),
(537, 'SMARTCITY', 'Sistem Pencegah Pelanggaran Sinyal (Garansi)', 'PLN', 'SMPBBM', 685388712000.00, '2014-02-25'),
(538, 'ENERGI', 'Smart Metering', 'PUSLITBANG', 'TITO', 113750000.00, '2014-02-14'),
(539, 'ENERGI', 'Smart Grid', 'TELKOM', 'FTTH', 1678307675000.00, '2014-02-13'),
(540, 'TRANSPORTASI', 'Smart City', 'PLN', 'SMPBBM', 113750000.00, '2014-02-24'),
(541, 'ENERGI', 'Smart Light', 'TELKOM', 'SMPBBM', 62150000.00, '2014-02-14'),
(542, 'ICT', 'SMPBBM', 'PERTAMINA', 'TITO', 557632665000.00, '2014-02-28'),
(543, 'ENERGI', 'Inti Smart Reader', 'PLN', 'SMPBBM', 62150000.00, '2014-02-05'),
(544, 'SMARTCITY', 'Inti Smart Meeting dan Inti Smart Light', 'BPPT', 'SMPBBM', 62150000.00, '2014-04-07'),
(545, 'TRANSPORTASI', 'Sistem Pencegah Pelanggaran Sinyal (Garansi)', 'PLN', 'TITO', 372513194000.00, '2014-02-06'),
(546, 'SMARTCITY', 'Smart Metering', 'PERTAMINA', 'FTTH', 1238844650000.00, '2014-02-06'),
(547, 'ENERGI', 'Inti Smart Transportation', 'TELKOM', 'FTTH', 113750000.00, '2014-02-06'),
(548, 'ICT', 'Inti Smart Converter Kit Gas', 'KAI', 'SMPBBM', 113750000.00, '2014-02-21'),
(549, 'ENERGI', 'Inti Smart Reader', 'PERTAMINA', 'SMPBBM', 54830530000.00, '2014-02-14');
INSERT INTO `transaksi` (`id_transaksi`, `bidang`, `produk`, `pelanggan`, `proyek`, `total_harga_jual`, `tgl_transaksi`) VALUES
(550, 'ICT', 'Inti Smart Meeting dan Inti Smart Light', 'TELKOM', 'SMPBBM', 22982500000.00, '2014-04-21'),
(551, 'SMARTCITY', 'Sistem Pencegah Pelanggaran Sinyal (Garansi)', 'PUSLITBANG', 'FTTH', 1678307675000.00, '2014-03-03'),
(552, 'TRANSPORTASI', 'Smart Metering', 'BPPT', 'TITO', 22982500000.00, '2014-02-28'),
(553, 'SMARTCITY', 'Smart Grid', 'PLN', 'SMPBBM', 22982500000.00, '2014-02-28'),
(554, 'ENERGI', 'Smart City', 'PUSLITBANG', 'TITO', 22982500000.00, '2014-02-06'),
(555, 'ENERGI', 'Smart Light', 'TELKOM', 'SMPBBM', 62150000.00, '2014-03-05'),
(556, 'ENERGI', 'SMPBBM', 'PLN', 'SMPBBM', 113750000.00, '2014-03-05'),
(557, 'ENERGI', 'Inti Smart Reader', 'TELKOM', 'FTTH', 1678307675000.00, '2014-03-20'),
(558, 'ICT', 'Inti Smart Meeting dan Inti Smart Light', 'PERTAMINA', 'SMPBBM', 1678307675000.00, '2014-03-12'),
(559, 'ICT', 'Sistem Pencegah Pelanggaran Sinyal (Garansi)', 'PLN', 'SMPBBM', 1204000000.00, '2014-03-07'),
(560, 'ICT', 'Smart Metering', 'BPPT', 'TITO', 22982500000.00, '2014-03-11'),
(561, 'ICT', 'Inti Smart Transportation', 'PLN', 'SMPBBM', 113750000.00, '2014-03-06'),
(562, 'SMARTCITY', 'Inti Smart Converter Kit Gas', 'PERTAMINA', 'SMPBBM', 372513194000.00, '2014-03-12'),
(563, 'ENERGI', 'Inti Smart Reader', 'TELKOM', 'TITO', 1678307675000.00, '2014-03-20'),
(564, 'SMARTCITY', 'Inti Smart Meeting dan Inti Smart Light', 'KAI', 'FTTH', 1678307675000.00, '2014-03-18'),
(565, 'SMARTCITY', 'Sistem Pencegah Pelanggaran Sinyal (Garansi)', 'PERTAMINA', 'SMPBBM', 1678307675000.00, '2014-03-05'),
(566, 'ICT', 'Smart Metering', 'TELKOM', 'SMPBBM', 21690000000.00, '2014-03-29'),
(567, 'TRANSPORTASI', 'Smart Grid', 'PUSLITBANG', 'TITO', 1678307675000.00, '2014-03-29'),
(568, 'ICT', 'Smart City', 'BPPT', 'SMPBBM', 113750000.00, '2014-03-22'),
(569, 'TRANSPORTASI', 'Smart Light', 'PERTAMINA', 'SMPBBM', 25497609000.00, '2014-03-21'),
(570, 'ENERGI', 'SMPBBM', 'PLN', 'TITO', 372513194000.00, '2014-03-20'),
(571, 'ICT', 'Inti Smart Reader', 'PERTAMINA', 'FTTH', 22982500000.00, '2014-03-25'),
(572, 'ENERGI', 'Inti Smart Meeting dan Inti Smart Light', 'PLN', 'FTTH', 1678307675000.00, '2014-03-28'),
(573, 'ENERGI', 'Sistem Pencegah Pelanggaran Sinyal (Garansi)', 'KAI', 'SMPBBM', 372513194000.00, '2014-03-28'),
(574, 'ENERGI', 'Smart Metering', 'BIOFARMA', 'SMPBBM', 372513194000.00, '2014-03-26'),
(575, 'TRANSPORTASI', 'Inti Smart Transportation', 'BPPT', 'SMPBBM', 372513194000.00, '2014-03-28'),
(576, 'ICT', 'Inti Smart Converter Kit Gas', 'PUSLITBANG', 'FTTH', 113750000.00, '2014-03-28'),
(577, 'ENERGI', 'Inti Smart Reader', 'TELKOM', 'TITO', 113750000.00, '2014-03-28'),
(578, 'SMARTCITY', 'Inti Smart Meeting dan Inti Smart Light', 'TELKOM', 'SMPBBM', 62150000.00, '2014-03-29'),
(579, 'TRANSPORTASI', 'Sistem Pencegah Pelanggaran Sinyal (Garansi)', 'PLN', 'TITO', 22982500000.00, '2014-03-28'),
(580, 'ICT', 'Smart Metering', 'PLN', 'SMPBBM', 62150000.00, '2014-04-30'),
(581, 'SMARTCITY', 'Smart Grid', 'PLN', 'SMPBBM', 62150000.00, '2014-04-28'),
(582, 'ENERGI', 'Smart City', 'PUSLITBANG', 'FTTH', 62150000.00, '2014-04-28'),
(583, 'ENERGI', 'Smart Light', 'PLN', 'SMPBBM', 592699120000.00, '2014-04-28'),
(584, 'SMARTCITY', 'SMPBBM', 'PUSLITBANG', 'SMPBBM', 54830530000.00, '2014-04-28'),
(585, 'ENERGI', 'Inti Smart Reader', 'TELKOM', 'TITO', 22982500000.00, '2014-04-10'),
(586, 'TRANSPORTASI', 'Inti Smart Meeting dan Inti Smart Light', 'PLN', 'SMPBBM', 1678307675000.00, '2012-02-22'),
(587, 'ENERGI', 'Sistem Pencegah Pelanggaran Sinyal (Garansi)', 'TELKOM', 'SMPBBM', 62150000.00, '2012-02-23'),
(588, 'TRANSPORTASI', 'Smart Metering', 'PERTAMINA', 'TITO', 62150000.00, '2012-02-22'),
(589, 'ICT', 'Inti Smart Transportation', 'PLN', 'FTTH', 1678307675000.00, '2012-03-17'),
(590, 'SMARTCITY', 'Inti Smart Converter Kit Gas', 'BPPT', 'SMPBBM', 22982500000.00, '2012-03-17'),
(591, 'TRANSPORTASI', 'Inti Smart Reader', 'PLN', 'SMPBBM', 62150000.00, '2012-03-17'),
(592, 'ICT', 'Inti Smart Meeting dan Inti Smart Light', 'PERTAMINA', 'TITO', 557632665000.00, '2012-03-06'),
(593, 'ENERGI', 'Sistem Pencegah Pelanggaran Sinyal (Garansi)', 'TELKOM', 'SMPBBM', 113750000.00, '2012-03-16'),
(594, 'ENERGI', 'Smart Metering', 'KAI', 'SMPBBM', 4289790.00, '2012-03-17'),
(595, 'TRANSPORTASI', 'Smart Grid', 'PERTAMINA', 'TITO', 1678307675000.00, '2012-03-27'),
(596, 'TRANSPORTASI', 'Smart City', 'TELKOM', 'FTTH', 1678307675000.00, '2012-03-19'),
(597, 'TRANSPORTASI', 'Smart Light', 'PUSLITBANG', 'FTTH', 1678307675000.00, '2012-02-29'),
(598, 'SMARTCITY', 'SMPBBM', 'BPPT', 'SMPBBM', 372513194000.00, '2012-02-29'),
(599, 'ICT', 'Inti Smart Reader', 'PLN', 'SMPBBM', 72076000.00, '2012-02-29'),
(600, 'SMARTCITY', 'Inti Smart Meeting dan Inti Smart Light', 'PUSLITBANG', 'SMPBBM', 1678307675000.00, '2012-04-13'),
(601, 'SMARTCITY', 'Sistem Pencegah Pelanggaran Sinyal (Garansi)', 'TELKOM', 'FTTH', 113750000.00, '2012-03-21'),
(602, 'SMARTCITY', 'Smart Metering', 'PLN', 'TITO', 62150000.00, '2012-04-05'),
(603, 'ICT', 'Inti Smart Transportation', 'TELKOM', 'SMPBBM', 6000000.00, '2012-04-05'),
(604, 'SMARTCITY', 'Inti Smart Converter Kit Gas', 'PERTAMINA', 'TITO', 1678307675000.00, '2012-03-22'),
(605, 'TRANSPORTASI', 'Inti Smart Reader', 'PLN', 'SMPBBM', 1678307675000.00, '2012-03-30'),
(606, 'SMARTCITY', 'Inti Smart Meeting dan Inti Smart Light', 'BPPT', 'SMPBBM', 113750000.00, '2012-03-22'),
(607, 'SMARTCITY', 'Sistem Pencegah Pelanggaran Sinyal (Garansi)', 'PLN', 'FTTH', 22982500000.00, '2012-03-27'),
(608, 'ICT', 'Smart Metering', 'PERTAMINA', 'SMPBBM', 113750000.00, '2012-04-12'),
(609, 'ENERGI', 'Smart Grid', 'TELKOM', 'SMPBBM', 22982500000.00, '2012-03-22'),
(610, 'TRANSPORTASI', 'Smart City', 'KAI', 'TITO', 1678307675000.00, '2012-04-09'),
(611, 'TRANSPORTASI', 'Smart Light', 'PERTAMINA', 'SMPBBM', 113750000.00, '2012-04-13'),
(612, 'TRANSPORTASI', 'SMPBBM', 'TELKOM', 'SMPBBM', 372513194000.00, '2012-05-04'),
(613, 'ENERGI', 'Inti Smart Reader', 'PUSLITBANG', 'TITO', 62150000.00, '2012-05-18'),
(614, 'ICT', 'Inti Smart Meeting dan Inti Smart Light', 'BPPT', 'FTTH', 54830530000.00, '2012-04-27'),
(615, 'ICT', 'Sistem Pencegah Pelanggaran Sinyal (Garansi)', 'PERTAMINA', 'SMPBBM', 372513194000.00, '2012-05-11'),
(616, 'ICT', 'Smart Metering', 'PLN', 'SMPBBM', 22982500000.00, '2012-04-20'),
(617, 'ENERGI', 'Inti Smart Transportation', 'PERTAMINA', 'TITO', 113750000.00, '2012-04-11'),
(618, 'ENERGI', 'Inti Smart Converter Kit Gas', 'PLN', 'SMPBBM', 113750000.00, '2012-04-20'),
(619, 'ENERGI', 'Inti Smart Reader', 'KAI', 'SMPBBM', 62150000.00, '2012-05-11'),
(620, 'ENERGI', 'Inti Smart Meeting dan Inti Smart Light', 'BIOFARMA', 'TITO', 372513194000.00, '2012-05-04'),
(621, 'ICT', 'Sistem Pencegah Pelanggaran Sinyal (Garansi)', 'BPPT', 'FTTH', 22982500000.00, '2012-05-16'),
(622, 'SMARTCITY', 'Smart Metering', 'PUSLITBANG', 'FTTH', 62150000.00, '2012-05-11'),
(623, 'SMARTCITY', 'Smart Grid', 'TELKOM', 'SMPBBM', 2370000000.00, '2012-05-25'),
(624, 'TRANSPORTASI', 'Smart City', 'TELKOM', 'SMPBBM', 1678307675000.00, '2012-05-16'),
(625, 'ICT', 'Smart Light', 'PLN', 'SMPBBM', 1887410000.00, '2012-05-04'),
(626, 'SMARTCITY', 'SMPBBM', 'PLN', 'FTTH', 144418498.00, '2012-05-28'),
(627, 'TRANSPORTASI', 'Inti Smart Reader', 'PLN', 'TITO', 22982500000.00, '2012-05-16'),
(628, 'TRANSPORTASI', 'Inti Smart Meeting dan Inti Smart Light', 'PUSLITBANG', 'SMPBBM', 372513194000.00, '2012-05-07'),
(629, 'ICT', 'Sistem Pencegah Pelanggaran Sinyal (Garansi)', 'PLN', 'TITO', 372513194000.00, '2012-05-16'),
(630, 'ICT', 'Smart Metering', 'PUSLITBANG', 'SMPBBM', 62150000.00, '2012-05-25'),
(631, 'ICT', 'Inti Smart Transportation', 'TELKOM', 'SMPBBM', 1678307675000.00, '2012-05-25'),
(632, 'SMARTCITY', 'Inti Smart Converter Kit Gas', 'PLN', 'FTTH', 1238844650000.00, '2012-05-11'),
(633, 'ICT', 'Inti Smart Reader', 'TELKOM', 'SMPBBM', 113750000.00, '2012-06-15'),
(634, 'ICT', 'Inti Smart Meeting dan Inti Smart Light', 'PERTAMINA', 'SMPBBM', 113750000.00, '2012-06-01'),
(635, 'SMARTCITY', 'Sistem Pencegah Pelanggaran Sinyal (Garansi)', 'PLN', 'TITO', 1678307675000.00, '2012-06-01'),
(636, 'ICT', 'Smart Metering', 'BPPT', 'SMPBBM', 1678307675000.00, '2012-06-01'),
(637, 'ICT', 'Smart Grid', 'PLN', 'SMPBBM', 22982500000.00, '2012-06-15'),
(638, 'TRANSPORTASI', 'Smart City', 'PERTAMINA', 'TITO', 372513194000.00, '2012-06-08'),
(639, 'ICT', 'Smart Light', 'TELKOM', 'FTTH', 592699120000.00, '2012-06-08'),
(640, 'SMARTCITY', 'SMPBBM', 'KAI', 'SMPBBM', 878005000.00, '2012-06-08'),
(641, 'SMARTCITY', 'Inti Smart Reader', 'PERTAMINA', 'SMPBBM', 1678307675000.00, '2012-06-13'),
(642, 'ICT', 'Inti Smart Meeting dan Inti Smart Light', 'TELKOM', 'TITO', 22982500000.00, '2012-06-29'),
(643, 'ICT', 'Sistem Pencegah Pelanggaran Sinyal (Garansi)', 'PUSLITBANG', 'SMPBBM', 25497609000.00, '2012-06-29'),
(644, 'ENERGI', 'Smart Metering', 'BPPT', 'SMPBBM', 22982500000.00, '2012-06-29'),
(645, 'ICT', 'Inti Smart Transportation', 'PLN', 'TITO', 62150000.00, '2012-06-28'),
(646, 'TRANSPORTASI', 'Inti Smart Converter Kit Gas', 'PUSLITBANG', 'FTTH', 62150000.00, '2012-06-28'),
(647, 'ENERGI', 'Inti Smart Reader', 'TELKOM', 'FTTH', 1678307675000.00, '2012-06-29'),
(648, 'TRANSPORTASI', 'Inti Smart Meeting dan Inti Smart Light', 'PLN', 'SMPBBM', 1887410000.00, '2012-06-22'),
(649, 'ENERGI', 'Sistem Pencegah Pelanggaran Sinyal (Garansi)', 'TELKOM', 'SMPBBM', 62150000.00, '2012-06-28'),
(650, 'ICT', 'Smart Metering', 'PERTAMINA', 'SMPBBM', 372513194000.00, '2012-06-22'),
(651, 'ENERGI', 'Smart Grid', 'PLN', 'FTTH', 1678307675000.00, '2012-06-15'),
(652, 'ICT', 'Smart City', 'BPPT', 'TITO', 25497609000.00, '2012-06-28'),
(653, 'ICT', 'Smart Light', 'PLN', 'SMPBBM', 372513194000.00, '2012-06-29'),
(654, 'SMARTCITY', 'SMPBBM', 'PERTAMINA', 'TITO', 113750000.00, '2012-06-28'),
(655, 'TRANSPORTASI', 'Inti Smart Reader', 'TELKOM', 'SMPBBM', 113750000.00, '2012-07-20'),
(656, 'TRANSPORTASI', 'Inti Smart Meeting dan Inti Smart Light', 'KAI', 'SMPBBM', 372513194000.00, '2012-07-05'),
(657, 'ENERGI', 'Sistem Pencegah Pelanggaran Sinyal (Garansi)', 'PERTAMINA', 'FTTH', 22982500000.00, '2012-07-20'),
(658, 'ENERGI', 'Smart Metering', 'TELKOM', 'SMPBBM', 22982500000.00, '2012-07-02'),
(659, 'TRANSPORTASI', 'Inti Smart Transportation', 'PUSLITBANG', 'SMPBBM', 113750000.00, '2012-07-20'),
(660, 'SMARTCITY', 'Inti Smart Converter Kit Gas', 'BPPT', 'TITO', 372513194000.00, '2012-07-31'),
(661, 'ENERGI', 'Inti Smart Reader', 'PERTAMINA', 'SMPBBM', 1678307675000.00, '2012-07-31'),
(662, 'TRANSPORTASI', 'Inti Smart Meeting dan Inti Smart Light', 'PLN', 'SMPBBM', 22982500000.00, '2012-07-31'),
(663, 'ENERGI', 'Sistem Pencegah Pelanggaran Sinyal (Garansi)', 'PERTAMINA', 'TITO', 1678307675000.00, '2012-07-31'),
(664, 'SMARTCITY', 'Smart Metering', 'PLN', 'FTTH', 22982500000.00, '2012-07-31'),
(665, 'TRANSPORTASI', 'Smart Grid', 'KAI', 'SMPBBM', 1678307675000.00, '2012-07-31'),
(666, 'SMARTCITY', 'Smart City', 'BIOFARMA', 'SMPBBM', 54830530000.00, '2012-08-04'),
(667, 'ENERGI', 'Smart Light', 'BIOFARMA', 'TITO', 372513194000.00, '2012-07-25'),
(668, 'ENERGI', 'SMPBBM', 'PUSLITBANG', 'SMPBBM', 372513194000.00, '2012-08-11'),
(669, 'TRANSPORTASI', 'Inti Smart Reader', 'TELKOM', 'SMPBBM', 113750000.00, '2012-08-25'),
(670, 'ICT', 'Inti Smart Meeting dan Inti Smart Light', 'TELKOM', 'TITO', 22982500000.00, '2012-08-29'),
(671, 'TRANSPORTASI', 'Sistem Pencegah Pelanggaran Sinyal (Garansi)', 'PLN', 'FTTH', 62150000.00, '2012-08-10'),
(672, 'TRANSPORTASI', 'Smart Metering', 'PLN', 'FTTH', 1678307675000.00, '2012-08-11'),
(673, 'ENERGI', 'Inti Smart Transportation', 'PLN', 'SMPBBM', 22982500000.00, '2012-08-14'),
(674, 'ICT', 'Inti Smart Converter Kit Gas', 'PUSLITBANG', 'SMPBBM', 1678307675000.00, '2012-08-28'),
(675, 'ICT', 'Inti Smart Reader', 'PLN', 'SMPBBM', 372513194000.00, '2012-08-09'),
(676, 'ENERGI', 'Inti Smart Meeting dan Inti Smart Light', 'PUSLITBANG', 'FTTH', 557632665000.00, '2012-09-03'),
(677, 'ICT', 'Sistem Pencegah Pelanggaran Sinyal (Garansi)', 'TELKOM', 'TITO', 1238844650000.00, '2012-08-29'),
(678, 'ICT', 'Smart Metering', 'PLN', 'SMPBBM', 1678307675000.00, '2012-09-11'),
(679, 'ENERGI', 'Smart Grid', 'TELKOM', 'TITO', 1238844650000.00, '2012-09-12'),
(680, 'ICT', 'Smart City', 'PERTAMINA', 'SMPBBM', 22982500000.00, '2012-09-25'),
(681, 'SMARTCITY', 'Smart Light', 'PLN', 'SMPBBM', 62150000.00, '2012-09-25'),
(682, 'TRANSPORTASI', 'SMPBBM', 'BPPT', 'FTTH', 372513194000.00, '2012-09-07'),
(683, 'TRANSPORTASI', 'Inti Smart Reader', 'PLN', 'SMPBBM', 62150000.00, '2012-09-20'),
(684, 'TRANSPORTASI', 'Inti Smart Meeting dan Inti Smart Light', 'PERTAMINA', 'SMPBBM', 113750000.00, '2012-10-05'),
(685, 'ENERGI', 'Sistem Pencegah Pelanggaran Sinyal (Garansi)', 'TELKOM', 'TITO', 372513194000.00, '2012-10-12'),
(686, 'ENERGI', 'Smart Metering', 'KAI', 'SMPBBM', 1678307675000.00, '2012-10-10'),
(687, 'SMARTCITY', 'Inti Smart Transportation', 'PERTAMINA', 'SMPBBM', 113750000.00, '2012-10-12'),
(688, 'ENERGI', 'Inti Smart Converter Kit Gas', 'TELKOM', 'TITO', 113750000.00, '2012-10-25'),
(689, 'ICT', 'Inti Smart Reader', 'PUSLITBANG', 'FTTH', 1678307675000.00, '2012-10-25'),
(690, 'SMARTCITY', 'Inti Smart Meeting dan Inti Smart Light', 'BPPT', 'SMPBBM', 592699120000.00, '2012-10-25'),
(691, 'ENERGI', 'Sistem Pencegah Pelanggaran Sinyal (Garansi)', 'PLN', 'SMPBBM', 113750000.00, '2012-10-22'),
(692, 'ICT', 'Smart Metering', 'PUSLITBANG', 'TITO', 372513194000.00, '2012-10-25'),
(693, 'TRANSPORTASI', 'Smart Grid', 'TELKOM', 'SMPBBM', 62150000.00, '2012-10-24'),
(694, 'ICT', 'Smart City', 'PLN', 'SMPBBM', 1678307675000.00, '2012-11-09'),
(695, 'ICT', 'Smart Light', 'TELKOM', 'TITO', 6000000.00, '2012-11-02'),
(696, 'ICT', 'SMPBBM', 'PERTAMINA', 'FTTH', 1678307675000.00, '2012-11-12'),
(697, 'ICT', 'Inti Smart Reader', 'PLN', 'FTTH', 62150000.00, '2012-11-08'),
(698, 'ENERGI', 'Inti Smart Meeting dan Inti Smart Light', 'BPPT', 'SMPBBM', 113750000.00, '2012-11-12'),
(699, 'ICT', 'Sistem Pencegah Pelanggaran Sinyal (Garansi)', 'PLN', 'SMPBBM', 1678307675000.00, '2012-11-12'),
(700, 'ICT', 'Smart Metering', 'PERTAMINA', 'SMPBBM', 1678307675000.00, '2012-11-25'),
(701, 'ICT', 'Inti Smart Transportation', 'TELKOM', 'FTTH', 62150000.00, '2012-11-30'),
(702, 'ENERGI', 'Inti Smart Converter Kit Gas', 'KAI', 'TITO', 22982500000.00, '2012-11-12'),
(703, 'ICT', 'Inti Smart Reader', 'PERTAMINA', 'SMPBBM', 54830530000.00, '2012-11-23'),
(704, 'TRANSPORTASI', 'Inti Smart Meeting dan Inti Smart Light', 'TELKOM', 'TITO', 372513194000.00, '2012-11-30'),
(705, 'ENERGI', 'Sistem Pencegah Pelanggaran Sinyal (Garansi)', 'PUSLITBANG', 'SMPBBM', 113750000.00, '2012-11-29'),
(706, 'ENERGI', 'Smart Metering', 'BPPT', 'SMPBBM', 372513194000.00, '2012-11-23'),
(707, 'ENERGI', 'Smart Grid', 'PERTAMINA', 'FTTH', 22982500000.00, '2012-11-23'),
(708, 'ENERGI', 'Smart City', 'PLN', 'SMPBBM', 372513194000.00, '2012-11-30'),
(709, 'ENERGI', 'Smart Light', 'PERTAMINA', 'SMPBBM', 1678307675000.00, '2012-11-30'),
(710, 'ICT', 'SMPBBM', 'PLN', 'TITO', 62150000.00, '2012-11-22'),
(711, 'ENERGI', 'Inti Smart Reader', 'KAI', 'SMPBBM', 62150000.00, '2012-12-07'),
(712, 'ICT', 'Inti Smart Meeting dan Inti Smart Light', 'BIOFARMA', 'SMPBBM', 113750000000.00, '2012-12-07'),
(713, 'TRANSPORTASI', 'Sistem Pencegah Pelanggaran Sinyal (Garansi)', 'BPPT', 'TITO', 21690000000.00, '2012-12-11'),
(714, 'ICT', 'Smart Metering', 'PUSLITBANG', 'FTTH', 25497609000.00, '2012-12-06'),
(715, 'ENERGI', 'Inti Smart Transportation', 'TELKOM', 'SMPBBM', 557632665000.00, '2012-12-07'),
(716, 'SMARTCITY', 'Inti Smart Converter Kit Gas', 'TELKOM', 'SMPBBM', 372513194000.00, '2012-12-11'),
(717, 'SMARTCITY', 'Inti Smart Reader', 'PLN', 'TITO', 372513194000.00, '2012-12-11'),
(718, 'ICT', 'Inti Smart Meeting dan Inti Smart Light', 'PLN', 'SMPBBM', 1678307675000.00, '2012-12-13'),
(719, 'ENERGI', 'Sistem Pencegah Pelanggaran Sinyal (Garansi)', 'PLN', 'SMPBBM', 62150000.00, '2012-12-11'),
(720, 'SMARTCITY', 'Smart Metering', 'PUSLITBANG', 'TITO', 1678307675000.00, '2012-12-14'),
(721, 'ICT', 'Smart Grid', 'PLN', 'FTTH', 1678307675000.00, '2012-12-25'),
(722, 'ENERGI', 'Smart City', 'PUSLITBANG', 'FTTH', 113750000.00, '2012-12-19'),
(723, 'SMARTCITY', 'Smart Light', 'TELKOM', 'SMPBBM', 372513194000.00, '2012-12-20'),
(724, 'ENERGI', 'SMPBBM', 'PLN', 'SMPBBM', 113750000.00, '2012-12-27'),
(725, 'ICT', 'Inti Smart Reader', 'TELKOM', 'SMPBBM', 372513194000.00, '2012-12-27'),
(726, 'TRANSPORTASI', 'Inti Smart Meeting dan Inti Smart Light', 'PERTAMINA', 'FTTH', 22982500000.00, '2012-12-27'),
(727, 'ENERGI', 'Sistem Pencegah Pelanggaran Sinyal (Garansi)', 'PLN', 'TITO', 1678307675000.00, '2012-12-27'),
(728, 'ENERGI', 'Smart Metering', 'BPPT', 'SMPBBM', 113750000.00, '2012-12-27'),
(729, 'ENERGI', 'Inti Smart Transportation', 'PLN', 'TITO', 22982500000.00, '2012-12-27'),
(730, 'TRANSPORTASI', 'Inti Smart Converter Kit Gas', 'PERTAMINA', 'SMPBBM', 22982500000.00, '2012-12-27'),
(731, 'ENERGI', 'Inti Smart Reader', 'TELKOM', 'SMPBBM', 372513194000.00, '2012-12-20'),
(732, 'ICT', 'Inti Smart Meeting dan Inti Smart Light', 'KAI', 'FTTH', 113750000.00, '2012-12-27'),
(733, 'ICT', 'Sistem Pencegah Pelanggaran Sinyal (Garansi)', 'PERTAMINA', 'SMPBBM', 113750000.00, '2012-12-28'),
(734, 'ENERGI', 'Smart Metering', 'TELKOM', 'SMPBBM', 372513194000.00, '2012-12-20'),
(735, 'TRANSPORTASI', 'Smart Grid', 'PUSLITBANG', 'TITO', 30000000.00, '2012-12-27'),
(736, 'TRANSPORTASI', 'Smart City', 'BPPT', 'SMPBBM', 62150000.00, '2012-12-25'),
(737, 'SMARTCITY', 'Smart Light', 'PLN', 'SMPBBM', 372513194000.00, '2012-12-27'),
(738, 'ENERGI', 'SMPBBM', 'PUSLITBANG', 'TITO', 62150000.00, '2012-12-27'),
(739, 'ENERGI', 'Inti Smart Reader', 'TELKOM', 'FTTH', 62150000.00, '2012-12-27'),
(740, 'ENERGI', 'Inti Smart Meeting dan Inti Smart Light', 'PLN', 'SMPBBM', 1128930600000.00, '2012-12-27'),
(741, 'SMARTCITY', 'Sistem Pencegah Pelanggaran Sinyal (Garansi)', 'TELKOM', 'SMPBBM', 372513194000.00, '2013-01-18'),
(742, 'ENERGI', 'Smart Metering', 'PERTAMINA', 'TITO', 113750000.00, '2012-12-31'),
(743, 'SMARTCITY', 'Inti Smart Transportation', 'PLN', 'SMPBBM', 22982500000.00, '2013-01-28'),
(744, 'SMARTCITY', 'Inti Smart Converter Kit Gas', 'BPPT', 'SMPBBM', 62150000.00, '2013-01-31'),
(745, 'ENERGI', 'Inti Smart Reader', 'PLN', 'TITO', 1678307675000.00, '2013-02-08'),
(746, 'ICT', 'Inti Smart Meeting dan Inti Smart Light', 'PERTAMINA', 'FTTH', 113750000.00, '2013-02-25'),
(747, 'SMARTCITY', 'Sistem Pencegah Pelanggaran Sinyal (Garansi)', 'TELKOM', 'FTTH', 113750000.00, '2013-02-22'),
(748, 'TRANSPORTASI', 'Smart Metering', 'KAI', 'SMPBBM', 62150000.00, '2013-04-01'),
(749, 'ENERGI', 'Smart Grid', 'PERTAMINA', 'SMPBBM', 113750000.00, '2013-04-19'),
(750, 'ENERGI', 'Smart City', 'TELKOM', 'SMPBBM', 372513194000.00, '2013-04-10'),
(751, 'ICT', 'Smart Light', 'PUSLITBANG', 'FTTH', 372513194000.00, '2013-03-22'),
(752, 'TRANSPORTASI', 'SMPBBM', 'BPPT', 'TITO', 62150000.00, '2013-04-04'),
(753, 'ENERGI', 'Inti Smart Reader', 'PERTAMINA', 'SMPBBM', 113750000.00, '2013-04-05'),
(754, 'TRANSPORTASI', 'Inti Smart Meeting dan Inti Smart Light', 'PLN', 'TITO', 22982500000.00, '2013-04-18'),
(755, 'TRANSPORTASI', 'Sistem Pencegah Pelanggaran Sinyal (Garansi)', 'PERTAMINA', 'SMPBBM', 372513194000.00, '2013-04-05'),
(756, 'ENERGI', 'Smart Metering', 'PLN', 'SMPBBM', 22982500000.00, '2013-03-19'),
(757, 'ENERGI', 'Inti Smart Transportation', 'KAI', 'FTTH', 1678307675000.00, '2013-04-02'),
(758, 'ICT', 'Inti Smart Converter Kit Gas', 'BIOFARMA', 'SMPBBM', 1887410000.00, '2013-03-25'),
(759, 'ENERGI', 'Inti Smart Reader', 'BPPT', 'SMPBBM', 113750000.00, '2013-03-14'),
(760, 'ENERGI', 'Inti Smart Meeting dan Inti Smart Light', 'PUSLITBANG', 'TITO', 1678307675000.00, '2013-04-25'),
(761, 'SMARTCITY', 'Sistem Pencegah Pelanggaran Sinyal (Garansi)', 'TELKOM', 'SMPBBM', 54830530000.00, '2013-04-25'),
(762, 'ENERGI', 'Smart Metering', 'TELKOM', 'SMPBBM', 1678307675000.00, '2013-03-06'),
(763, 'ICT', 'Smart Grid', 'PLN', 'TITO', 62150000.00, '2013-03-13'),
(764, 'SMARTCITY', 'Smart City', 'PLN', 'FTTH', 113750000.00, '2013-05-01'),
(765, 'ICT', 'Smart Light', 'PLN', 'SMPBBM', 878005000.00, '2013-05-02'),
(766, 'ENERGI', 'SMPBBM', 'PUSLITBANG', 'SMPBBM', 1678307675000.00, '2013-04-26'),
(767, 'ICT', 'Inti Smart Reader', 'PLN', 'TITO', 22982500000.00, '2013-05-06'),
(768, 'ENERGI', 'Inti Smart Meeting dan Inti Smart Light', 'PUSLITBANG', 'SMPBBM', 54830530000.00, '2013-05-17'),
(769, 'SMARTCITY', 'Sistem Pencegah Pelanggaran Sinyal (Garansi)', 'TELKOM', 'SMPBBM', 1678307675000.00, '2013-04-26'),
(770, 'ENERGI', 'Smart Metering', 'PLN', 'TITO', 113750000.00, '2013-05-25'),
(771, 'ICT', 'Inti Smart Transportation', 'TELKOM', 'FTTH', 1678307675000.00, '2013-06-07'),
(772, 'ENERGI', 'Inti Smart Converter Kit Gas', 'PERTAMINA', 'FTTH', 113750000.00, '2013-05-01'),
(773, 'ENERGI', 'Inti Smart Reader', 'PLN', 'SMPBBM', 489600000.00, '2013-05-08'),
(774, 'ICT', 'Inti Smart Meeting dan Inti Smart Light', 'BPPT', 'SMPBBM', 113750000.00, '2013-04-26'),
(775, 'SMARTCITY', 'Sistem Pencegah Pelanggaran Sinyal (Garansi)', 'PLN', 'SMPBBM', 1678307675000.00, '2013-05-13'),
(776, 'ICT', 'Smart Metering', 'PERTAMINA', 'FTTH', 62150000.00, '2013-05-10'),
(777, 'ENERGI', 'Smart Grid', 'TELKOM', 'TITO', 54830530000.00, '2013-06-10'),
(778, 'ICT', 'Smart City', 'KAI', 'SMPBBM', 6000000.00, '2013-07-30'),
(779, 'ENERGI', 'Smart Light', 'PERTAMINA', 'TITO', 62150000.00, '2013-05-22'),
(780, 'ENERGI', 'SMPBBM', 'TELKOM', 'SMPBBM', 22982500000.00, '2013-07-11'),
(781, 'ICT', 'Inti Smart Reader', 'PUSLITBANG', 'SMPBBM', 62150000.00, '2013-06-14'),
(782, 'ENERGI', 'Inti Smart Meeting dan Inti Smart Light', 'BPPT', 'FTTH', 62150000.00, '2013-06-14'),
(783, 'TRANSPORTASI', 'Sistem Pencegah Pelanggaran Sinyal (Garansi)', 'PLN', 'SMPBBM', 21690000000.00, '2013-07-10'),
(784, 'ENERGI', 'Smart Metering', 'PUSLITBANG', 'SMPBBM', 22982500000.00, '2013-06-14'),
(785, 'ENERGI', 'Inti Smart Transportation', 'TELKOM', 'TITO', 22982500000.00, '2013-07-12'),
(786, 'ICT', 'Inti Smart Converter Kit Gas', 'PLN', 'SMPBBM', 113750000.00, '2013-07-15'),
(787, 'ICT', 'Inti Smart Reader', 'TELKOM', 'SMPBBM', 62150000.00, '2013-07-05'),
(788, 'TRANSPORTASI', 'Inti Smart Meeting dan Inti Smart Light', 'PERTAMINA', 'TITO', 372513194000.00, '2013-07-22'),
(789, 'SMARTCITY', 'Sistem Pencegah Pelanggaran Sinyal (Garansi)', 'PLN', 'FTTH', 372513194000.00, '2013-07-04'),
(790, 'ICT', 'Smart Metering', 'BPPT', 'SMPBBM', 21690000000.00, '2013-07-18'),
(791, 'SMARTCITY', 'Smart Grid', 'PLN', 'SMPBBM', 1678307675000.00, '2013-07-04'),
(792, 'TRANSPORTASI', 'Smart City', 'PERTAMINA', 'TITO', 22982500000.00, '2013-07-15'),
(793, 'SMARTCITY', 'Smart Light', 'TELKOM', 'SMPBBM', 22982500000.00, '2013-07-04'),
(794, 'SMARTCITY', 'SMPBBM', 'KAI', 'SMPBBM', 21690000000.00, '2013-06-28'),
(795, 'ICT', 'Inti Smart Reader', 'PERTAMINA', 'TITO', 62150000.00, '2013-07-18'),
(796, 'TRANSPORTASI', 'Inti Smart Meeting dan Inti Smart Light', 'TELKOM', 'FTTH', 372513194000.00, '2013-07-25'),
(797, 'ICT', 'Sistem Pencegah Pelanggaran Sinyal (Garansi)', 'PUSLITBANG', 'FTTH', 22982500000.00, '2013-08-30'),
(798, 'ICT', 'Smart Metering', 'BPPT', 'SMPBBM', 372513194000.00, '2013-09-06'),
(799, 'TRANSPORTASI', 'Inti Smart Transportation', 'PERTAMINA', 'SMPBBM', 1678307675000.00, '2013-09-10'),
(800, 'TRANSPORTASI', 'Inti Smart Converter Kit Gas', 'PLN', 'SMPBBM', 372513194000.00, '2013-07-15'),
(801, 'SMARTCITY', 'Inti Smart Reader', 'PERTAMINA', 'FTTH', 22982500000.00, '2013-06-25'),
(802, 'ENERGI', 'Inti Smart Meeting dan Inti Smart Light', 'PLN', 'TITO', 372513194000.00, '2013-08-30'),
(803, 'TRANSPORTASI', 'Sistem Pencegah Pelanggaran Sinyal (Garansi)', 'KAI', 'SMPBBM', 113750000.00, '2013-08-30'),
(804, 'ICT', 'Smart Metering', 'BIOFARMA', 'TITO', 1678307675000.00, '2013-08-30'),
(805, 'ICT', 'Smart Grid', 'BPPT', 'SMPBBM', 113750000.00, '2013-09-10'),
(806, 'ENERGI', 'Smart City', 'PUSLITBANG', 'SMPBBM', 372513194000.00, '2013-09-09'),
(807, 'ENERGI', 'Smart Light', 'TELKOM', 'FTTH', 113750000.00, '2013-09-13'),
(808, 'ICT', 'SMPBBM', 'TELKOM', 'SMPBBM', 22982500000.00, '2013-09-13'),
(809, 'ENERGI', 'Inti Smart Reader', 'PLN', 'SMPBBM', 62150000.00, '2013-09-13'),
(810, 'SMARTCITY', 'Inti Smart Meeting dan Inti Smart Light', 'PLN', 'TITO', 62150000.00, '2013-09-06'),
(811, 'ICT', 'Sistem Pencegah Pelanggaran Sinyal (Garansi)', 'PLN', 'SMPBBM', 372513194000.00, '2013-09-11'),
(812, 'ICT', 'Smart Metering', 'PUSLITBANG', 'SMPBBM', 372513194000.00, '2013-09-11'),
(813, 'ENERGI', 'Inti Smart Transportation', 'PLN', 'TITO', 62150000.00, '2013-09-27'),
(814, 'ENERGI', 'Inti Smart Converter Kit Gas', 'PUSLITBANG', 'FTTH', 54830530000.00, '2013-09-20'),
(815, 'TRANSPORTASI', 'Inti Smart Reader', 'TELKOM', 'SMPBBM', 372513194000.00, '2013-09-27'),
(816, 'SMARTCITY', 'Inti Smart Meeting dan Inti Smart Light', 'PLN', 'SMPBBM', 22982500000.00, '2013-09-13'),
(817, 'ENERGI', 'Sistem Pencegah Pelanggaran Sinyal (Garansi)', 'BPPT', 'TITO', 1238844650000.00, '2013-09-05'),
(818, 'SMARTCITY', 'Smart Metering', 'PLN', 'SMPBBM', 113750000.00, '2013-09-05'),
(819, 'ICT', 'Smart Grid', 'PERTAMINA', 'SMPBBM', 113750000.00, '2013-09-05'),
(820, 'TRANSPORTASI', 'Smart City', 'TELKOM', 'TITO', 113750000.00, '2013-08-02'),
(821, 'ENERGI', 'Smart Light', 'KAI', 'FTTH', 372513194000.00, '2013-08-21'),
(822, 'SMARTCITY', 'SMPBBM', 'PERTAMINA', 'FTTH', 54830530000.00, '2013-10-25'),
(823, 'ICT', 'Inti Smart Reader', 'TELKOM', 'SMPBBM', 6000000.00, '2013-09-13'),
(824, 'ENERGI', 'Inti Smart Meeting dan Inti Smart Light', 'PUSLITBANG', 'SMPBBM', 21690000000.00, '2013-09-25'),
(825, 'TRANSPORTASI', 'Sistem Pencegah Pelanggaran Sinyal (Garansi)', 'BPPT', 'SMPBBM', 62150000.00, '2013-10-25'),
(826, 'ICT', 'Smart Metering', 'PERTAMINA', 'FTTH', 878005000.00, '2013-09-20'),
(827, 'ICT', 'Inti Smart Transportation', 'PLN', 'TITO', -207316458.00, '2013-09-25'),
(828, 'ENERGI', 'Inti Smart Converter Kit Gas', 'PERTAMINA', 'SMPBBM', 62150000.00, '2013-10-29'),
(829, 'ENERGI', 'Inti Smart Reader', 'PLN', 'TITO', 113750000.00, '2013-10-29'),
(830, 'TRANSPORTASI', 'Inti Smart Meeting dan Inti Smart Light', 'KAI', 'SMPBBM', 22982500000.00, '2013-09-27'),
(831, 'ENERGI', 'Sistem Pencegah Pelanggaran Sinyal (Garansi)', 'BIOFARMA', 'SMPBBM', 113750000.00, '2013-10-11'),
(832, 'SMARTCITY', 'Smart Metering', 'BPPT', 'FTTH', 113750000.00, '2013-09-25'),
(833, 'SMARTCITY', 'Smart Grid', 'PUSLITBANG', 'SMPBBM', 54830530000.00, '2013-09-20'),
(834, 'ENERGI', 'Smart City', 'TELKOM', 'SMPBBM', 113750000.00, '2013-10-12'),
(835, 'TRANSPORTASI', 'Smart Light', 'TELKOM', 'TITO', 62150000.00, '2013-09-27'),
(836, 'ICT', 'SMPBBM', 'PLN', 'SMPBBM', 21690000000.00, '2013-10-25'),
(837, 'SMARTCITY', 'Inti Smart Reader', 'PLN', 'SMPBBM', 62150000.00, '2013-10-23'),
(838, 'SMARTCITY', 'Inti Smart Meeting dan Inti Smart Light', 'PLN', 'TITO', 1678307675000.00, '2013-09-25'),
(839, 'SMARTCITY', 'Sistem Pencegah Pelanggaran Sinyal (Garansi)', 'PUSLITBANG', 'FTTH', 113750000.00, '2013-11-21'),
(840, 'ICT', 'Smart Metering', 'PLN', 'SMPBBM', 372513194000.00, '2013-11-30'),
(841, 'ENERGI', 'Inti Smart Transportation', 'PUSLITBANG', 'SMPBBM', 1678307675000.00, '2013-11-30'),
(842, 'ICT', 'Inti Smart Converter Kit Gas', 'TELKOM', 'TITO', 62150000.00, '2013-11-19'),
(843, 'ICT', 'Inti Smart Reader', 'PLN', 'SMPBBM', 62150000.00, '2013-11-01'),
(844, 'TRANSPORTASI', 'Inti Smart Meeting dan Inti Smart Light', 'BPPT', 'SMPBBM', 1678307675000.00, '2013-12-04'),
(845, 'ENERGI', 'Sistem Pencegah Pelanggaran Sinyal (Garansi)', 'PLN', 'TITO', 113750000.00, '2013-12-02'),
(846, 'ICT', 'Smart Metering', 'PERTAMINA', 'FTTH', 372513194000.00, '2013-11-22'),
(847, 'ENERGI', 'Smart Grid', 'TELKOM', 'FTTH', 62150000.00, '2013-11-27'),
(848, 'SMARTCITY', 'Smart City', 'KAI', 'SMPBBM', 1678307675000.00, '2013-11-22'),
(849, 'ENERGI', 'Smart Light', 'PERTAMINA', 'SMPBBM', 372513194000.00, '2013-11-14'),
(850, 'ICT', 'SMPBBM', 'TELKOM', 'SMPBBM', 62150000.00, '2013-12-06'),
(851, 'ICT', 'Inti Smart Reader', 'PUSLITBANG', 'FTTH', 21690000000.00, '2013-11-30'),
(852, 'ENERGI', 'Inti Smart Meeting dan Inti Smart Light', 'BPPT', 'TITO', 113750000.00, '2013-11-30'),
(853, 'SMARTCITY', 'Sistem Pencegah Pelanggaran Sinyal (Garansi)', 'PERTAMINA', 'SMPBBM', 22982500000.00, '2013-11-30'),
(854, 'ENERGI', 'Smart Metering', 'PLN', 'TITO', 113750000.00, '2013-11-27'),
(855, 'ENERGI', 'Inti Smart Transportation', 'PERTAMINA', 'SMPBBM', 1887410000.00, '2013-11-08'),
(856, 'SMARTCITY', 'Inti Smart Converter Kit Gas', 'PLN', 'SMPBBM', 1678307675000.00, '2013-11-30'),
(857, 'ENERGI', 'Inti Smart Reader', 'KAI', 'FTTH', 6000000.00, '2013-11-08'),
(858, 'ICT', 'Inti Smart Meeting dan Inti Smart Light', 'BIOFARMA', 'SMPBBM', 113750000.00, '2013-11-01'),
(859, 'TRANSPORTASI', 'Sistem Pencegah Pelanggaran Sinyal (Garansi)', 'BPPT', 'SMPBBM', 1678307675000.00, '2013-11-21'),
(860, 'ENERGI', 'Smart Metering', 'PUSLITBANG', 'TITO', 1678307675000.00, '2013-11-30'),
(861, 'SMARTCITY', 'Smart Grid', 'TELKOM', 'SMPBBM', 62150000.00, '2013-11-30'),
(862, 'ENERGI', 'Smart City', 'TELKOM', 'SMPBBM', 1678307675000.00, '2013-11-25'),
(863, 'TRANSPORTASI', 'Smart Light', 'PLN', 'TITO', 1678307675000.00, '2013-11-04'),
(864, 'ENERGI', 'SMPBBM', 'PLN', 'FTTH', 372513194000.00, '2013-12-12'),
(865, 'TRANSPORTASI', 'Inti Smart Reader', 'PLN', 'SMPBBM', 878005000.00, '2014-02-24'),
(866, 'ICT', 'Inti Smart Meeting dan Inti Smart Light', 'PUSLITBANG', 'SMPBBM', 369616555000.00, '2013-12-31'),
(867, 'SMARTCITY', 'Sistem Pencegah Pelanggaran Sinyal (Garansi)', 'PLN', 'TITO', 113750000.00, '2013-12-13'),
(868, 'SMARTCITY', 'Smart Metering', 'PUSLITBANG', 'SMPBBM', 1678307675000.00, '2013-12-20'),
(869, 'ICT', 'Inti Smart Transportation', 'TELKOM', 'SMPBBM', 113750000.00, '2014-02-14'),
(870, 'ICT', 'Inti Smart Converter Kit Gas', 'PLN', 'TITO', 372513194000.00, '2013-12-24'),
(871, 'ENERGI', 'Inti Smart Reader', 'BPPT', 'FTTH', 62150000.00, '2013-12-13'),
(872, 'SMARTCITY', 'Inti Smart Meeting dan Inti Smart Light', 'PLN', 'FTTH', 113750000.00, '2013-12-31'),
(873, 'ENERGI', 'Sistem Pencegah Pelanggaran Sinyal (Garansi)', 'PERTAMINA', 'SMPBBM', 1678307675000.00, '2013-12-31'),
(874, 'ICT', 'Smart Metering', 'TELKOM', 'SMPBBM', 1678307675000.00, '2013-12-31'),
(875, 'SMARTCITY', 'Smart Grid', 'KAI', 'SMPBBM', 62150000.00, '2013-12-31'),
(876, 'ENERGI', 'Smart City', 'PERTAMINA', 'FTTH', 6000000.00, '2013-12-31'),
(877, 'ICT', 'Smart Light', 'TELKOM', 'TITO', 1128930600000.00, '2013-12-20'),
(878, 'ICT', 'SMPBBM', 'PUSLITBANG', 'SMPBBM', 22982500000.00, '2014-02-28'),
(879, 'SMARTCITY', 'Inti Smart Reader', 'BPPT', 'TITO', 62150000.00, '2014-02-21'),
(880, 'ENERGI', 'Inti Smart Meeting dan Inti Smart Light', 'PERTAMINA', 'SMPBBM', 22982500000.00, '2013-12-31'),
(881, 'ENERGI', 'Sistem Pencegah Pelanggaran Sinyal (Garansi)', 'PLN', 'SMPBBM', 22982500000.00, '2013-12-31'),
(882, 'ENERGI', 'Smart Metering', 'PERTAMINA', 'FTTH', 489600000.00, '2013-12-13'),
(883, 'ICT', 'Inti Smart Transportation', 'PLN', 'SMPBBM', 113750000.00, '2013-12-31'),
(884, 'TRANSPORTASI', 'Inti Smart Converter Kit Gas', 'KAI', 'SMPBBM', 372513194000.00, '2013-12-25'),
(885, 'ICT', 'Inti Smart Reader', 'BIOFARMA', 'TITO', 62150000.00, '2014-05-21'),
(886, 'ENERGI', 'Inti Smart Meeting dan Inti Smart Light', 'BPPT', 'SMPBBM', 1678307675000.00, '2013-12-20'),
(887, 'SMARTCITY', 'Sistem Pencegah Pelanggaran Sinyal (Garansi)', 'PUSLITBANG', 'SMPBBM', 113750000.00, '2014-05-30'),
(888, 'ENERGI', 'Smart Metering', 'TELKOM', 'TITO', 113750000.00, '2013-12-31'),
(889, 'ENERGI', 'Smart Grid', 'TELKOM', 'FTTH', 62150000.00, '2013-12-12'),
(890, 'TRANSPORTASI', 'Smart City', 'PLN', 'SMPBBM', 22982500000.00, '2014-05-23'),
(891, 'TRANSPORTASI', 'Smart Light', 'PLN', 'SMPBBM', 113750000.00, '2013-12-13'),
(892, 'ICT', 'SMPBBM', 'PLN', 'TITO', 62150000.00, '2013-12-31'),
(893, 'ENERGI', 'Inti Smart Reader', 'PUSLITBANG', 'SMPBBM', 372513194000.00, '2013-12-19'),
(894, 'SMARTCITY', 'Inti Smart Meeting dan Inti Smart Light', 'PLN', 'SMPBBM', 62150000.00, '2014-05-13'),
(895, 'ICT', 'Sistem Pencegah Pelanggaran Sinyal (Garansi)', 'PUSLITBANG', 'TITO', 22982500000.00, '2014-06-17'),
(896, 'ICT', 'Smart Metering', 'TELKOM', 'FTTH', 1678307675000.00, '2014-06-10'),
(897, 'ENERGI', 'Inti Smart Transportation', 'PLN', 'FTTH', 62150000.00, '2014-04-28'),
(898, 'ICT', 'Inti Smart Converter Kit Gas', 'BPPT', 'SMPBBM', 62150000.00, '2014-06-25'),
(899, 'ICT', 'Inti Smart Reader', 'PLN', 'SMPBBM', 113750000.00, '2014-05-30'),
(900, 'TRANSPORTASI', 'Inti Smart Meeting dan Inti Smart Light', 'PERTAMINA', 'SMPBBM', 372513194000.00, '2014-05-02'),
(901, 'ICT', 'Sistem Pencegah Pelanggaran Sinyal (Garansi)', 'TELKOM', 'FTTH', 22982500000.00, '2014-05-23'),
(902, 'ICT', 'Smart Metering', 'KAI', 'TITO', 113750000.00, '2014-05-06'),
(903, 'ENERGI', 'Inti Smart Transportation', 'PERTAMINA', 'SMPBBM', 1678307675000.00, '2014-05-23'),
(904, 'SMARTCITY', 'Inti Smart Converter Kit Gas', 'TELKOM', 'TITO', 1678307675000.00, '2014-04-16'),
(905, 'SMARTCITY', 'Inti Smart Reader', 'PUSLITBANG', 'SMPBBM', 62150000.00, '2014-05-23'),
(906, 'ICT', 'Inti Smart Meeting dan Inti Smart Light', 'BPPT', 'SMPBBM', 1678307675000.00, '2014-05-15'),
(907, 'SMARTCITY', 'Sistem Pencegah Pelanggaran Sinyal (Garansi)', 'PERTAMINA', 'FTTH', 113750000.00, '2014-05-30'),
(908, 'TRANSPORTASI', 'Smart Metering', 'PLN', 'SMPBBM', 372513194000.00, '2014-05-30'),
(909, 'ICT', 'Smart Grid', 'PERTAMINA', 'SMPBBM', 62150000.00, '2014-05-02'),
(910, 'ENERGI', 'Smart City', 'PLN', 'TITO', 372513194000.00, '2014-04-17'),
(911, 'ENERGI', 'Smart Light', 'KAI', 'SMPBBM', 372513194000.00, '2014-06-10'),
(912, 'ICT', 'SMPBBM', 'BIOFARMA', 'SMPBBM', 62150000.00, '2014-05-30'),
(913, 'ICT', 'Inti Smart Transportation', 'BPPT', 'TITO', 372513194000.00, '2014-05-08'),
(914, 'ICT', 'Inti Smart Converter Kit Gas', 'PUSLITBANG', 'FTTH', 557632665000.00, '2014-05-16'),
(915, 'TRANSPORTASI', 'Inti Smart Reader', 'TELKOM', 'SMPBBM', 62150000.00, '2014-07-21'),
(916, 'SMARTCITY', 'Inti Smart Meeting dan Inti Smart Light', 'TELKOM', 'SMPBBM', 113750000.00, '2014-06-05'),
(917, 'ENERGI', 'Sistem Pencegah Pelanggaran Sinyal (Garansi)', 'PLN', 'SMPBBM', 113750000.00, '2014-07-01'),
(918, 'TRANSPORTASI', 'Smart Metering', 'PLN', 'TITO', 1887410000.00, '2014-06-06'),
(919, 'SMARTCITY', 'Inti Smart Transportation', 'PLN', 'SMPBBM', 372513194000.00, '2014-05-26'),
(920, 'ICT', 'Inti Smart Converter Kit Gas', 'PUSLITBANG', 'SMPBBM', 62150000.00, '2014-05-30'),
(921, 'SMARTCITY', 'Inti Smart Reader', 'PLN', 'FTTH', 22982500000.00, '2014-05-30'),
(922, 'ENERGI', 'Inti Smart Meeting dan Inti Smart Light', 'PUSLITBANG', 'SMPBBM', 1678307675000.00, '2014-07-23'),
(923, 'TRANSPORTASI', 'Sistem Pencegah Pelanggaran Sinyal (Garansi)', 'TELKOM', 'SMPBBM', 1678307675000.00, '2014-06-09'),
(924, 'ENERGI', 'Smart Metering', 'PLN', 'TITO', 1678307675000.00, '2014-05-26'),
(925, 'ICT', 'Smart Grid', 'BPPT', 'SMPBBM', 113750000.00, '2014-06-13'),
(926, 'SMARTCITY', 'Smart City', 'PLN', 'SMPBBM', 62150000.00, '2014-07-01'),
(927, 'SMARTCITY', 'Smart Light', 'PERTAMINA', 'TITO', 1678307675000.00, '2014-06-30'),
(928, 'ICT', 'SMPBBM', 'TELKOM', 'FTTH', 62150000.00, '2014-06-27'),
(929, 'ICT', 'Inti Smart Transportation', 'KAI', 'SMPBBM', 62150000.00, '2014-07-15'),
(930, 'ICT', 'Inti Smart Converter Kit Gas', 'PERTAMINA', 'SMPBBM', 113750000.00, '2014-06-27'),
(931, 'SMARTCITY', 'Inti Smart Reader', 'TELKOM', 'SMPBBM', 1678307675000.00, '2014-05-25'),
(932, 'ICT', 'Inti Smart Meeting dan Inti Smart Light', 'PUSLITBANG', 'TITO', 1678307675000.00, '2014-07-23'),
(933, 'ENERGI', 'Sistem Pencegah Pelanggaran Sinyal (Garansi)', 'BPPT', 'SMPBBM', 113750000.00, '2014-08-15'),
(934, 'ICT', 'Smart Metering', 'PERTAMINA', 'SMPBBM', 62150000.00, '2014-06-10'),
(935, 'ICT', 'Inti Smart Transportation', 'PLN', 'FTTH', 54830530000.00, '2014-06-30'),
(936, 'ENERGI', 'Inti Smart Converter Kit Gas', 'PERTAMINA', 'SMPBBM', 6000000.00, '2014-07-15'),
(937, 'ENERGI', 'Inti Smart Reader', 'PLN', 'SMPBBM', 22982500000.00, '2014-06-30'),
(938, 'TRANSPORTASI', 'Inti Smart Meeting dan Inti Smart Light', 'KAI', 'TITO', 62150000.00, '2014-07-07'),
(939, 'SMARTCITY', 'Sistem Pencegah Pelanggaran Sinyal (Garansi)', 'BIOFARMA', 'SMPBBM', 2862022000.00, '2014-08-15'),
(940, 'SMARTCITY', 'Smart Metering', 'BPPT', 'SMPBBM', 22982500000.00, '2014-07-01'),
(941, 'ICT', 'Smart Grid', 'PUSLITBANG', 'TITO', 372513194000.00, '2014-07-08'),
(942, 'ENERGI', 'Smart City', 'TELKOM', 'FTTH', 372513194000.00, '2014-06-10'),
(943, 'ENERGI', 'Smart Light', 'TELKOM', 'SMPBBM', 113750000.00, '2014-06-30'),
(944, 'ENERGI', 'SMPBBM', 'PLN', 'SMPBBM', 586920920000.00, '2014-08-20'),
(945, 'SMARTCITY', 'Inti Smart Transportation', 'PLN', 'SMPBBM', 1678307675000.00, '2014-06-10'),
(946, 'ENERGI', 'Inti Smart Converter Kit Gas', 'PLN', 'TITO', 1678307675000.00, '2014-06-10'),
(947, 'TRANSPORTASI', 'Inti Smart Reader', 'PUSLITBANG', 'SMPBBM', 1678307675000.00, '2014-06-25'),
(948, 'TRANSPORTASI', 'Inti Smart Meeting dan Inti Smart Light', 'PLN', 'SMPBBM', 62150000.00, '2014-08-25'),
(949, 'TRANSPORTASI', 'Sistem Pencegah Pelanggaran Sinyal (Garansi)', 'PUSLITBANG', 'FTTH', 113750000.00, '2014-07-01'),
(950, 'TRANSPORTASI', 'Smart Metering', 'TELKOM', 'SMPBBM', 62150000.00, '2014-07-16'),
(951, 'TRANSPORTASI', 'Inti Smart Transportation', 'PLN', 'SMPBBM', 62150000.00, '2014-06-30'),
(952, 'ENERGI', 'Inti Smart Converter Kit Gas', 'BPPT', 'TITO', 25497609000.00, '2014-06-30'),
(953, 'ENERGI', 'Inti Smart Reader', 'PLN', 'SMPBBM', 1678307675000.00, '2014-07-23'),
(954, 'SMARTCITY', 'Inti Smart Meeting dan Inti Smart Light', 'PERTAMINA', 'SMPBBM', 22982500000.00, '2014-07-19'),
(955, 'SMARTCITY', 'Sistem Pencegah Pelanggaran Sinyal (Garansi)', 'TELKOM', 'TITO', 62150000.00, '2014-07-01'),
(956, 'ICT', 'Smart Metering', 'KAI', 'FTTH', 1678307675000.00, '2014-06-25'),
(957, 'ICT', 'Smart Grid', 'PERTAMINA', 'SMPBBM', 21690000000.00, '2014-07-23'),
(958, 'ICT', 'Smart City', 'TELKOM', 'SMPBBM', 22982500000.00, '2014-06-30'),
(959, 'ICT', 'Smart Light', 'PUSLITBANG', 'SMPBBM', 62150000.00, '2014-07-08'),
(960, 'ENERGI', 'SMPBBM', 'BPPT', 'TITO', 22982500000.00, '2014-07-01'),
(961, 'TRANSPORTASI', 'Inti Smart Transportation', 'PERTAMINA', 'SMPBBM', 372513194000.00, '2014-07-25'),
(962, 'ICT', 'Inti Smart Converter Kit Gas', 'PLN', 'SMPBBM', 586920920000.00, '2014-09-01'),
(963, 'TRANSPORTASI', 'Inti Smart Reader', 'PERTAMINA', 'FTTH', 93500000.00, '2014-06-10'),
(964, 'ENERGI', 'Inti Smart Meeting dan Inti Smart Light', 'PLN', 'SMPBBM', 1678307675000.00, '2014-06-10'),
(965, 'ICT', 'Sistem Pencegah Pelanggaran Sinyal (Garansi)', 'KAI', 'SMPBBM', 1678307675000.00, '2014-08-29'),
(966, 'SMARTCITY', 'Smart Metering', 'BIOFARMA', 'TITO', 1238844650000.00, '2014-08-29'),
(967, 'ENERGI', 'Inti Smart Transportation', 'BPPT', 'SMPBBM', 113750000.00, '2014-06-10'),
(968, 'TRANSPORTASI', 'Inti Smart Converter Kit Gas', 'PUSLITBANG', 'SMPBBM', 62150000.00, '2014-06-10'),
(969, 'TRANSPORTASI', 'Inti Smart Reader', 'TELKOM', 'TITO', 372513194000.00, '2014-08-29'),
(970, 'SMARTCITY', 'Inti Smart Meeting dan Inti Smart Light', 'TELKOM', 'FTTH', 372513194000.00, '2014-06-24'),
(971, 'ENERGI', 'Sistem Pencegah Pelanggaran Sinyal (Garansi)', 'PLN', 'SMPBBM', 1678307675000.00, '2014-06-10'),
(972, 'ICT', 'Smart Metering', 'PLN', 'SMPBBM', 372513194000.00, '2014-09-22'),
(973, 'TRANSPORTASI', 'Smart Grid', 'PLN', 'SMPBBM', 62150000.00, '2014-06-20'),
(974, 'TRANSPORTASI', 'Smart City', 'PUSLITBANG', 'TITO', 62150000.00, '2014-06-20'),
(975, 'TRANSPORTASI', 'Smart Light', 'PLN', 'SMPBBM', 113750000.00, '2014-09-01'),
(976, 'ENERGI', 'SMPBBM', 'PUSLITBANG', 'SMPBBM', 6000000.00, '2014-09-01'),
(977, 'SMARTCITY', 'Inti Smart Reader', 'TELKOM', 'FTTH', 22982500000.00, '2014-09-17'),
(978, 'ENERGI', 'Inti Smart Meeting dan Inti Smart Light', 'PLN', 'SMPBBM', 1678307675000.00, '2014-09-05'),
(979, 'SMARTCITY', 'Sistem Pencegah Pelanggaran Sinyal (Garansi)', 'BPPT', 'SMPBBM', 372513194000.00, '2014-09-08'),
(980, 'ENERGI', 'Smart Metering', 'PLN', 'TITO', 113750000.00, '2014-09-19'),
(981, 'SMARTCITY', 'Inti Smart Transportation', 'PERTAMINA', 'SMPBBM', 1678307675000.00, '2014-09-22'),
(982, 'TRANSPORTASI', 'Inti Smart Converter Kit Gas', 'TELKOM', 'SMPBBM', 62150000.00, '2014-09-12'),
(983, 'ICT', 'Inti Smart Reader', 'KAI', 'TITO', 234567000.00, '2014-09-10'),
(984, 'TRANSPORTASI', 'Inti Smart Meeting dan Inti Smart Light', 'PERTAMINA', 'FTTH', 1678307675000.00, '2014-10-17'),
(985, 'ICT', 'Sistem Pencegah Pelanggaran Sinyal (Garansi)', 'TELKOM', 'SMPBBM', 1678307675000.00, '2014-10-31'),
(986, 'TRANSPORTASI', 'Smart Metering', 'PUSLITBANG', 'SMPBBM', 1678307675000.00, '2014-10-31'),
(987, 'TRANSPORTASI', 'Smart Grid', 'BPPT', 'SMPBBM', 54830530000.00, '2014-10-31'),
(988, 'ICT', 'Smart City', 'PERTAMINA', 'TITO', 1887410000.00, '2014-09-26'),
(989, 'ENERGI', 'Smart Light', 'PLN', 'SMPBBM', 1678307675000.00, '2014-10-17'),
(990, 'SMARTCITY', 'SMPBBM', 'PERTAMINA', 'SMPBBM', 22982500000.00, '2014-10-29'),
(991, 'SMARTCITY', 'Inti Smart Reader', 'PLN', 'FTTH', 62150000.00, '2014-10-31'),
(992, 'ENERGI', 'Inti Smart Meeting dan Inti Smart Light', 'KAI', 'SMPBBM', 22982500000.00, '2014-09-29'),
(993, 'ICT', 'Sistem Pencegah Pelanggaran Sinyal (Garansi)', 'BIOFARMA', 'SMPBBM', 113750000.00, '2014-10-14'),
(994, 'ICT', 'Smart Metering', 'BPPT', 'TITO', 113750000.00, '2014-10-23'),
(995, 'TRANSPORTASI', 'Inti Smart Transportation', 'PUSLITBANG', 'SMPBBM', 62150000.00, '2014-09-23'),
(996, 'ENERGI', 'Inti Smart Converter Kit Gas', 'TELKOM', 'SMPBBM', 1678307675000.00, '2014-10-09'),
(997, 'TRANSPORTASI', 'Inti Smart Reader', 'TELKOM', 'TITO', 22982500000.00, '2014-10-17'),
(998, 'ICT', 'Inti Smart Meeting dan Inti Smart Light', 'PLN', 'FTTH', 22982500000.00, '2014-09-29'),
(999, 'ENERGI', 'Sistem Pencegah Pelanggaran Sinyal (Garansi)', 'PLN', 'SMPBBM', 1128930600000.00, '2014-09-23'),
(1000, 'ENERGI', 'Smart Metering', 'PLN', 'SMPBBM', 62150000.00, '2014-10-31');

-- --------------------------------------------------------

--
-- Struktur dari tabel `transformasi_testing`
--

CREATE TABLE IF NOT EXISTS `transformasi_testing` (
  `id_transformasitesting` int(11) NOT NULL AUTO_INCREMENT,
  `bidang` int(11) NOT NULL,
  `pelanggan` int(11) NOT NULL,
  `proyek` int(11) NOT NULL,
  `total_harga_jual` int(11) NOT NULL,
  `onclickknn` enum('0','1') NOT NULL,
  `onclicksmart` enum('0','1') NOT NULL,
  PRIMARY KEY (`id_transformasitesting`)
) ENGINE=InnoDB  DEFAULT CHARSET=latin1 AUTO_INCREMENT=1001 ;

--
-- Dumping data untuk tabel `transformasi_testing`
--

INSERT INTO `transformasi_testing` (`id_transformasitesting`, `bidang`, `pelanggan`, `proyek`, `total_harga_jual`, `onclickknn`, `onclicksmart`) VALUES
(1, 4, 5, 1, 3, '1', '1'),
(2, 2, 3, 2, 3, '1', '1'),
(3, 2, 7, 3, 3, '1', '1'),
(4, 3, 5, 1, 3, '1', '1'),
(5, 2, 7, 3, 1, '1', '1'),
(6, 3, 4, 1, 3, '1', '1'),
(7, 1, 5, 1, 3, '1', '1'),
(8, 2, 2, 2, 3, '1', '1'),
(9, 1, 5, 1, 3, '1', '1'),
(10, 3, 4, 1, 2, '1', '1'),
(11, 3, 7, 3, 3, '1', '1'),
(12, 2, 6, 1, 3, '1', '1'),
(13, 4, 4, 1, 1, '1', '1'),
(14, 2, 7, 3, 2, '1', '1'),
(15, 2, 3, 2, 3, '1', '1'),
(16, 3, 2, 2, 1, '1', '1'),
(17, 1, 4, 1, 3, '1', '1'),
(18, 1, 5, 1, 3, '1', '1'),
(19, 3, 4, 1, 3, '1', '1'),
(20, 2, 5, 1, 1, '1', '1'),
(21, 1, 6, 1, 1, '1', '1'),
(22, 1, 1, 2, 1, '1', '1'),
(23, 1, 2, 2, 2, '1', '1'),
(24, 4, 3, 2, 3, '1', '1'),
(25, 4, 7, 3, 1, '1', '1'),
(26, 4, 7, 3, 3, '1', '1'),
(27, 1, 5, 1, 1, '1', '1'),
(28, 4, 5, 1, 1, '1', '1'),
(29, 4, 5, 1, 2, '1', '1'),
(30, 1, 3, 2, 3, '1', '1'),
(31, 2, 5, 3, 2, '1', '0'),
(32, 2, 3, 1, 3, '1', '0'),
(33, 3, 7, 1, 2, '1', '0'),
(34, 3, 5, 3, 3, '1', '0'),
(35, 4, 7, 2, 2, '1', '0'),
(36, 4, 4, 2, 3, '1', '0'),
(37, 3, 5, 1, 3, '1', '0'),
(38, 2, 2, 1, 1, '1', '0'),
(39, 3, 5, 1, 3, '1', '0'),
(40, 4, 4, 1, 1, '1', '0'),
(41, 4, 7, 1, 3, '1', '0'),
(42, 3, 6, 2, 2, '1', '0'),
(43, 1, 4, 2, 3, '1', '0'),
(44, 2, 7, 2, 3, '1', '0'),
(45, 4, 3, 3, 3, '1', '0'),
(46, 4, 2, 3, 3, '1', '0'),
(47, 2, 5, 1, 3, '1', '0'),
(48, 4, 3, 1, 3, '1', '0'),
(49, 2, 7, 1, 1, '1', '0'),
(50, 2, 5, 2, 3, '1', '0'),
(51, 3, 7, 3, 3, '1', '0'),
(52, 4, 4, 1, 3, '1', '0'),
(53, 2, 5, 1, 3, '1', '0'),
(54, 3, 2, 3, 2, '1', '0'),
(55, 2, 5, 2, 3, '1', '0'),
(56, 3, 4, 2, 1, '1', '0'),
(57, 4, 7, 1, 1, '1', '0'),
(58, 2, 6, 1, 3, '1', '0'),
(59, 2, 4, 1, 2, '1', '0'),
(60, 3, 7, 1, 1, '1', '0'),
(61, 2, 3, 1, 3, '1', '0'),
(62, 4, 2, 2, 3, '1', '0'),
(63, 4, 4, 2, 1, '1', '0'),
(64, 3, 5, 2, 2, '1', '0'),
(65, 4, 4, 3, 2, '1', '0'),
(66, 4, 5, 3, 1, '1', '0'),
(67, 4, 6, 1, 3, '1', '0'),
(68, 4, 1, 1, 2, '1', '0'),
(69, 4, 2, 1, 2, '1', '0'),
(70, 3, 3, 2, 3, '1', '0'),
(71, 4, 7, 3, 3, '1', '0'),
(72, 2, 7, 1, 2, '1', '0'),
(73, 2, 5, 1, 1, '1', '0'),
(74, 2, 5, 3, 2, '1', '0'),
(75, 4, 5, 2, 3, '1', '0'),
(76, 4, 3, 2, 3, '1', '0'),
(77, 4, 5, 1, 3, '1', '0'),
(78, 3, 3, 1, 3, '1', '0'),
(79, 2, 7, 1, 3, '1', '0'),
(80, 2, 5, 1, 3, '1', '0'),
(81, 2, 7, 1, 2, '1', '0'),
(82, 4, 4, 2, 3, '1', '0'),
(83, 1, 5, 3, 2, '1', '0'),
(84, 2, 2, 1, 3, '1', '0'),
(85, 4, 5, 3, 3, '1', '0'),
(86, 4, 4, 1, 3, '1', '0'),
(87, 4, 7, 1, 3, '1', '0'),
(88, 4, 6, 2, 3, '1', '0'),
(89, 4, 4, 1, 3, '1', '0'),
(90, 4, 7, 1, 1, '1', '0'),
(91, 1, 3, 3, 3, '1', '0'),
(92, 4, 2, 1, 3, '1', '0'),
(93, 3, 5, 1, 3, '1', '0'),
(94, 2, 3, 3, 3, '1', '0'),
(95, 3, 7, 2, 2, '1', '0'),
(96, 3, 5, 2, 3, '1', '0'),
(97, 2, 7, 1, 1, '1', '0'),
(98, 2, 4, 1, 3, '1', '0'),
(99, 3, 5, 1, 1, '1', '0'),
(100, 2, 2, 1, 3, '1', '0'),
(101, 4, 5, 1, 2, '0', '0'),
(102, 2, 4, 2, 1, '0', '0'),
(103, 1, 7, 2, 3, '0', '0'),
(104, 3, 6, 2, 3, '0', '0'),
(105, 4, 4, 3, 3, '0', '0'),
(106, 3, 7, 3, 1, '0', '0'),
(107, 2, 3, 1, 3, '0', '0'),
(108, 4, 2, 1, 2, '0', '0'),
(109, 2, 4, 1, 3, '0', '0'),
(110, 4, 5, 2, 2, '0', '0'),
(111, 4, 4, 3, 1, '0', '0'),
(112, 1, 5, 1, 3, '0', '0'),
(113, 4, 6, 1, 3, '0', '0'),
(114, 4, 1, 3, 3, '0', '0'),
(115, 2, 2, 2, 1, '0', '0'),
(116, 2, 3, 2, 2, '0', '0'),
(117, 1, 7, 1, 2, '0', '0'),
(118, 4, 7, 1, 3, '0', '0'),
(119, 4, 5, 1, 2, '0', '0'),
(120, 4, 5, 1, 1, '0', '0'),
(121, 3, 5, 1, 3, '0', '0'),
(122, 2, 3, 2, 3, '0', '0'),
(123, 1, 5, 2, 3, '0', '0'),
(124, 1, 3, 2, 3, '0', '0'),
(125, 3, 7, 3, 1, '0', '0'),
(126, 2, 5, 3, 3, '0', '0'),
(127, 1, 7, 1, 3, '0', '0'),
(128, 1, 4, 1, 3, '0', '0'),
(129, 3, 5, 1, 2, '0', '0'),
(130, 4, 2, 2, 3, '0', '0'),
(131, 4, 5, 3, 3, '0', '0'),
(132, 4, 4, 1, 3, '0', '0'),
(133, 2, 7, 1, 3, '0', '0'),
(134, 1, 6, 3, 3, '0', '0'),
(135, 4, 4, 2, 3, '0', '0'),
(136, 2, 7, 2, 3, '0', '0'),
(137, 2, 3, 1, 1, '0', '0'),
(138, 1, 2, 1, 3, '0', '0'),
(139, 3, 5, 1, 3, '0', '0'),
(140, 3, 3, 1, 1, '0', '0'),
(141, 3, 7, 1, 3, '0', '0'),
(142, 4, 5, 2, 2, '0', '0'),
(143, 3, 7, 2, 3, '0', '0'),
(144, 4, 4, 2, 2, '0', '0'),
(145, 1, 5, 3, 3, '0', '0'),
(146, 2, 2, 3, 3, '0', '0'),
(147, 4, 5, 1, 3, '0', '0'),
(148, 4, 4, 1, 3, '0', '0'),
(149, 4, 7, 1, 1, '0', '0'),
(150, 2, 6, 2, 1, '0', '0'),
(151, 1, 4, 3, 2, '0', '0'),
(152, 3, 7, 1, 2, '0', '0'),
(153, 4, 3, 1, 3, '0', '0'),
(154, 2, 2, 3, 1, '0', '0'),
(155, 2, 4, 2, 1, '0', '0'),
(156, 2, 5, 2, 1, '0', '0'),
(157, 4, 4, 1, 2, '0', '0'),
(158, 3, 5, 1, 1, '0', '0'),
(159, 4, 6, 1, 2, '0', '0'),
(160, 1, 1, 1, 3, '0', '0'),
(161, 4, 2, 1, 3, '0', '0'),
(162, 1, 3, 2, 2, '0', '0'),
(163, 2, 7, 3, 1, '0', '0'),
(164, 4, 7, 1, 3, '0', '0'),
(165, 2, 5, 3, 1, '0', '0'),
(166, 4, 5, 1, 3, '0', '0'),
(167, 4, 5, 1, 3, '0', '0'),
(168, 1, 3, 2, 1, '0', '0'),
(169, 4, 5, 1, 2, '0', '0'),
(170, 4, 3, 1, 1, '0', '0'),
(171, 2, 7, 3, 2, '0', '0'),
(172, 4, 5, 1, 2, '0', '0'),
(173, 3, 7, 1, 3, '0', '0'),
(174, 3, 4, 3, 1, '0', '0'),
(175, 3, 5, 2, 2, '0', '0'),
(176, 3, 2, 2, 3, '0', '0'),
(177, 4, 5, 1, 3, '0', '0'),
(178, 3, 4, 1, 1, '0', '0'),
(179, 2, 7, 1, 3, '0', '0'),
(180, 3, 6, 1, 3, '0', '0'),
(181, 2, 4, 1, 3, '0', '0'),
(182, 4, 7, 2, 1, '0', '0'),
(183, 2, 3, 2, 3, '0', '0'),
(184, 3, 2, 2, 1, '0', '0'),
(185, 2, 5, 3, 3, '0', '0'),
(186, 1, 3, 3, 2, '0', '0'),
(187, 3, 7, 1, 3, '0', '0'),
(188, 4, 5, 1, 3, '0', '0'),
(189, 3, 7, 1, 1, '0', '0'),
(190, 1, 4, 2, 2, '0', '0'),
(191, 3, 5, 3, 3, '0', '0'),
(192, 4, 2, 1, 2, '0', '0'),
(193, 3, 5, 1, 3, '0', '0'),
(194, 4, 4, 3, 3, '0', '0'),
(195, 4, 7, 2, 1, '0', '0'),
(196, 2, 6, 2, 3, '0', '0'),
(197, 4, 4, 1, 1, '0', '0'),
(198, 3, 7, 1, 1, '0', '0'),
(199, 2, 3, 1, 3, '0', '0'),
(200, 2, 2, 1, 2, '0', '0'),
(201, 3, 4, 1, 3, '0', '0'),
(202, 4, 5, 2, 3, '0', '0'),
(203, 4, 4, 2, 1, '0', '0'),
(204, 3, 5, 2, 1, '0', '0'),
(205, 4, 6, 3, 1, '0', '0'),
(206, 1, 1, 3, 1, '0', '0'),
(207, 2, 2, 1, 1, '0', '0'),
(208, 1, 3, 1, 3, '0', '0'),
(209, 2, 7, 1, 2, '0', '0'),
(210, 2, 7, 2, 3, '0', '0'),
(211, 1, 5, 3, 3, '0', '0'),
(212, 2, 5, 1, 1, '0', '0'),
(213, 4, 5, 1, 2, '0', '0'),
(214, 2, 3, 3, 3, '0', '0'),
(215, 3, 5, 2, 1, '0', '0'),
(216, 2, 3, 2, 3, '0', '0'),
(217, 2, 7, 1, 3, '0', '0'),
(218, 4, 5, 1, 2, '0', '0'),
(219, 2, 7, 1, 2, '0', '0'),
(220, 4, 4, 1, 3, '0', '0'),
(221, 1, 5, 1, 2, '0', '0'),
(222, 1, 2, 2, 3, '0', '0'),
(223, 4, 5, 2, 1, '0', '0'),
(224, 4, 4, 2, 3, '0', '0'),
(225, 3, 7, 3, 1, '0', '0'),
(226, 2, 6, 3, 3, '0', '0'),
(227, 2, 4, 1, 3, '0', '0'),
(228, 4, 7, 1, 3, '0', '0'),
(229, 2, 3, 1, 3, '0', '0'),
(230, 4, 2, 1, 3, '0', '0'),
(231, 3, 5, 2, 1, '0', '0'),
(232, 2, 3, 3, 2, '0', '0'),
(233, 4, 7, 1, 3, '0', '0'),
(234, 1, 5, 3, 3, '0', '0'),
(235, 4, 7, 1, 3, '0', '0'),
(236, 1, 4, 1, 1, '0', '0'),
(237, 2, 5, 2, 2, '0', '0'),
(238, 2, 2, 1, 2, '0', '0'),
(239, 2, 5, 1, 3, '0', '0'),
(240, 2, 4, 3, 2, '0', '0'),
(241, 4, 7, 1, 2, '0', '0'),
(242, 1, 6, 1, 1, '0', '0'),
(243, 4, 4, 3, 1, '0', '0'),
(244, 4, 7, 2, 2, '0', '0'),
(245, 1, 3, 2, 3, '0', '0'),
(246, 4, 2, 1, 3, '0', '0'),
(247, 2, 4, 1, 1, '0', '0'),
(248, 1, 5, 1, 2, '0', '0'),
(249, 4, 4, 2, 2, '0', '0'),
(250, 4, 5, 3, 3, '0', '0'),
(251, 4, 6, 1, 3, '0', '0'),
(252, 4, 1, 3, 3, '0', '0'),
(253, 4, 2, 1, 3, '0', '0'),
(254, 2, 3, 1, 1, '0', '0'),
(255, 2, 7, 2, 3, '0', '0'),
(256, 3, 7, 1, 3, '0', '0'),
(257, 4, 5, 1, 1, '0', '0'),
(258, 4, 5, 3, 3, '0', '0'),
(259, 2, 5, 1, 2, '0', '0'),
(260, 2, 3, 1, 3, '0', '0'),
(261, 4, 5, 3, 3, '0', '0'),
(262, 2, 3, 2, 3, '0', '0'),
(263, 1, 7, 2, 3, '0', '0'),
(264, 3, 5, 1, 3, '0', '0'),
(265, 2, 7, 1, 3, '0', '0'),
(266, 2, 4, 1, 3, '0', '0'),
(267, 1, 5, 2, 3, '0', '0'),
(268, 2, 2, 3, 3, '0', '0'),
(269, 4, 5, 1, 3, '0', '0'),
(270, 2, 4, 3, 3, '0', '0'),
(271, 4, 7, 1, 2, '0', '0'),
(272, 2, 6, 1, 2, '0', '0'),
(273, 2, 4, 2, 3, '0', '0'),
(274, 1, 7, 1, 2, '0', '0'),
(275, 4, 3, 1, 2, '0', '0'),
(276, 3, 2, 3, 2, '0', '0'),
(277, 4, 5, 1, 3, '0', '0'),
(278, 1, 3, 1, 2, '0', '0'),
(279, 4, 7, 3, 1, '0', '0'),
(280, 1, 5, 2, 3, '0', '0'),
(281, 2, 7, 2, 3, '0', '0'),
(282, 4, 4, 1, 3, '0', '0'),
(283, 2, 5, 1, 3, '0', '0'),
(284, 2, 2, 1, 3, '0', '0'),
(285, 4, 5, 2, 3, '0', '0'),
(286, 1, 4, 3, 3, '0', '0'),
(287, 3, 7, 1, 2, '0', '0'),
(288, 3, 6, 3, 2, '0', '0'),
(289, 3, 4, 1, 3, '0', '0'),
(290, 3, 7, 1, 2, '0', '0'),
(291, 2, 3, 2, 2, '0', '0'),
(292, 2, 2, 1, 2, '0', '0'),
(293, 4, 4, 1, 2, '0', '0'),
(294, 1, 5, 3, 1, '0', '0'),
(295, 4, 4, 1, 1, '0', '0'),
(296, 3, 5, 1, 2, '0', '0'),
(297, 3, 6, 3, 1, '0', '0'),
(298, 1, 1, 2, 3, '0', '0'),
(299, 3, 6, 2, 3, '0', '0'),
(300, 4, 3, 1, 3, '0', '0'),
(301, 1, 7, 1, 3, '0', '0'),
(302, 2, 7, 1, 3, '0', '0'),
(303, 3, 5, 2, 1, '0', '0'),
(304, 2, 5, 3, 1, '0', '0'),
(305, 4, 5, 1, 3, '0', '0'),
(306, 3, 3, 3, 3, '0', '0'),
(307, 3, 5, 1, 3, '0', '0'),
(308, 2, 3, 1, 1, '0', '0'),
(309, 2, 7, 2, 3, '0', '0'),
(310, 4, 5, 1, 3, '0', '0'),
(311, 4, 7, 1, 3, '0', '0'),
(312, 3, 4, 3, 3, '0', '0'),
(313, 1, 5, 1, 1, '0', '0'),
(314, 3, 2, 1, 3, '0', '0'),
(315, 4, 5, 3, 1, '0', '0'),
(316, 1, 4, 2, 3, '0', '0'),
(317, 2, 7, 2, 3, '0', '0'),
(318, 2, 6, 1, 2, '0', '0'),
(319, 1, 4, 1, 3, '0', '0'),
(320, 4, 7, 1, 3, '0', '0'),
(321, 1, 3, 2, 3, '0', '0'),
(322, 4, 2, 3, 3, '0', '0'),
(323, 2, 5, 1, 1, '0', '0'),
(324, 2, 3, 3, 3, '0', '0'),
(325, 2, 7, 1, 3, '0', '0'),
(326, 1, 5, 1, 1, '0', '0'),
(327, 3, 7, 2, 3, '0', '0'),
(328, 2, 4, 1, 3, '0', '0'),
(329, 3, 5, 1, 3, '0', '0'),
(330, 4, 2, 3, 3, '0', '0'),
(331, 4, 5, 1, 1, '0', '0'),
(332, 4, 4, 1, 2, '0', '0'),
(333, 3, 7, 3, 3, '0', '0'),
(334, 3, 6, 2, 2, '0', '0'),
(335, 4, 4, 2, 2, '0', '0'),
(336, 4, 7, 1, 3, '0', '0'),
(337, 1, 3, 1, 3, '0', '0'),
(338, 3, 2, 1, 1, '0', '0'),
(339, 1, 4, 2, 2, '0', '0'),
(340, 2, 5, 3, 3, '0', '0'),
(341, 4, 4, 1, 3, '0', '0'),
(342, 1, 5, 3, 2, '0', '0'),
(343, 4, 6, 1, 2, '0', '0'),
(344, 4, 1, 1, 3, '0', '0'),
(345, 4, 2, 2, 3, '0', '0'),
(346, 4, 3, 1, 3, '0', '0'),
(347, 3, 7, 1, 2, '0', '0'),
(348, 4, 7, 3, 3, '0', '0'),
(349, 1, 5, 1, 2, '0', '0'),
(350, 3, 5, 1, 1, '0', '0'),
(351, 1, 5, 3, 2, '0', '0'),
(352, 4, 3, 2, 3, '0', '0'),
(353, 4, 5, 2, 3, '0', '0'),
(354, 1, 3, 1, 3, '0', '0'),
(355, 2, 7, 1, 1, '0', '0'),
(356, 2, 5, 1, 3, '0', '0'),
(357, 1, 7, 2, 1, '0', '0'),
(358, 2, 4, 3, 1, '0', '0'),
(359, 2, 5, 1, 3, '0', '0'),
(360, 4, 2, 3, 3, '0', '0'),
(361, 4, 5, 1, 2, '0', '0'),
(362, 1, 4, 1, 3, '0', '0'),
(363, 4, 7, 2, 3, '0', '0'),
(364, 3, 6, 1, 3, '0', '0'),
(365, 4, 4, 1, 3, '0', '0'),
(366, 1, 7, 3, 3, '0', '0'),
(367, 2, 3, 1, 2, '0', '0'),
(368, 2, 2, 1, 3, '0', '0'),
(369, 4, 5, 3, 1, '0', '0'),
(370, 1, 3, 2, 3, '0', '0'),
(371, 4, 7, 2, 3, '0', '0'),
(372, 4, 5, 1, 3, '0', '0'),
(373, 4, 7, 1, 1, '0', '0'),
(374, 4, 4, 1, 3, '0', '0'),
(375, 1, 5, 2, 3, '0', '0'),
(376, 2, 2, 3, 1, '0', '0'),
(377, 2, 5, 1, 2, '0', '0'),
(378, 3, 4, 3, 3, '0', '0'),
(379, 1, 7, 1, 1, '0', '0'),
(380, 4, 6, 1, 3, '0', '0'),
(381, 3, 4, 2, 3, '0', '0'),
(382, 4, 7, 1, 1, '0', '0'),
(383, 2, 3, 1, 2, '0', '0'),
(384, 3, 2, 3, 2, '0', '0'),
(385, 4, 4, 1, 3, '0', '0'),
(386, 3, 5, 1, 1, '0', '0'),
(387, 4, 4, 3, 3, '0', '0'),
(388, 4, 5, 2, 3, '0', '0'),
(389, 2, 6, 2, 1, '0', '0'),
(390, 2, 1, 1, 1, '0', '0'),
(391, 4, 2, 1, 3, '0', '0'),
(392, 4, 3, 1, 2, '0', '0'),
(393, 4, 7, 2, 2, '0', '0'),
(394, 4, 7, 3, 3, '0', '0'),
(395, 3, 5, 1, 3, '0', '0'),
(396, 4, 5, 3, 1, '0', '0'),
(397, 2, 5, 1, 3, '0', '0'),
(398, 4, 3, 1, 3, '0', '0'),
(399, 3, 5, 2, 3, '0', '0'),
(400, 3, 3, 1, 3, '0', '0'),
(401, 2, 7, 1, 3, '0', '0'),
(402, 4, 5, 3, 3, '0', '0'),
(403, 4, 7, 1, 3, '0', '0'),
(404, 2, 4, 1, 1, '0', '0'),
(405, 1, 5, 3, 1, '0', '0'),
(406, 4, 2, 2, 1, '0', '0'),
(407, 4, 5, 2, 3, '0', '0'),
(408, 1, 4, 1, 3, '0', '0'),
(409, 2, 7, 1, 1, '0', '0'),
(410, 3, 6, 1, 2, '0', '0'),
(411, 3, 4, 2, 3, '0', '0'),
(412, 4, 7, 3, 3, '0', '0'),
(413, 2, 3, 1, 3, '0', '0'),
(414, 3, 2, 3, 3, '0', '0'),
(415, 1, 5, 1, 3, '0', '0'),
(416, 1, 3, 1, 3, '0', '0'),
(417, 4, 7, 2, 3, '0', '0'),
(418, 4, 5, 1, 3, '0', '0'),
(419, 4, 7, 1, 3, '0', '0'),
(420, 2, 4, 3, 3, '0', '0'),
(421, 1, 5, 1, 3, '0', '0'),
(422, 3, 2, 1, 3, '0', '0'),
(423, 2, 5, 3, 2, '0', '0'),
(424, 4, 4, 2, 3, '0', '0'),
(425, 2, 7, 2, 2, '0', '0'),
(426, 1, 6, 1, 3, '0', '0'),
(427, 4, 4, 1, 2, '0', '0'),
(428, 1, 7, 1, 1, '0', '0'),
(429, 2, 3, 2, 2, '0', '0'),
(430, 1, 2, 3, 3, '0', '0'),
(431, 4, 4, 1, 3, '0', '0'),
(432, 3, 5, 3, 3, '0', '0'),
(433, 2, 4, 1, 3, '0', '0'),
(434, 3, 5, 1, 1, '0', '0'),
(435, 4, 6, 2, 3, '0', '0'),
(436, 4, 1, 1, 3, '0', '0'),
(437, 3, 2, 1, 2, '0', '0'),
(438, 1, 3, 3, 2, '0', '0'),
(439, 3, 7, 1, 3, '0', '0'),
(440, 2, 7, 1, 3, '0', '0'),
(441, 3, 5, 3, 3, '0', '0'),
(442, 2, 5, 2, 3, '0', '0'),
(443, 1, 5, 2, 1, '0', '0'),
(444, 1, 3, 1, 2, '0', '0'),
(445, 1, 5, 1, 3, '0', '0'),
(446, 3, 3, 1, 3, '0', '0'),
(447, 4, 7, 2, 3, '0', '0'),
(448, 1, 5, 3, 2, '0', '0'),
(449, 1, 7, 1, 1, '0', '0'),
(450, 4, 4, 3, 3, '0', '0'),
(451, 2, 5, 1, 3, '0', '0'),
(452, 2, 2, 1, 3, '0', '0'),
(453, 4, 5, 2, 1, '0', '0'),
(454, 2, 4, 1, 3, '0', '0'),
(455, 3, 7, 1, 2, '0', '0'),
(456, 4, 6, 3, 2, '0', '0'),
(457, 4, 4, 1, 2, '0', '0'),
(458, 4, 7, 1, 2, '0', '0'),
(459, 4, 3, 3, 3, '0', '0'),
(460, 3, 2, 2, 3, '0', '0'),
(461, 4, 5, 2, 3, '0', '0'),
(462, 4, 3, 1, 2, '0', '0'),
(463, 3, 7, 1, 2, '0', '0'),
(464, 3, 5, 1, 3, '0', '0'),
(465, 2, 7, 2, 2, '0', '0'),
(466, 1, 4, 3, 3, '0', '0'),
(467, 2, 5, 1, 1, '0', '0'),
(468, 3, 2, 3, 3, '0', '0'),
(469, 4, 5, 1, 2, '0', '0'),
(470, 4, 4, 1, 1, '0', '0'),
(471, 2, 7, 2, 3, '0', '0'),
(472, 3, 6, 1, 2, '0', '0'),
(473, 4, 4, 1, 3, '0', '0'),
(474, 1, 7, 3, 3, '0', '0'),
(475, 1, 3, 1, 3, '0', '0'),
(476, 4, 2, 1, 1, '0', '0'),
(477, 2, 4, 3, 3, '0', '0'),
(478, 4, 5, 2, 3, '0', '0'),
(479, 4, 4, 2, 3, '0', '0'),
(480, 4, 5, 1, 3, '0', '0'),
(481, 2, 6, 1, 1, '0', '0'),
(482, 4, 1, 1, 3, '0', '0'),
(483, 4, 2, 2, 3, '0', '0'),
(484, 1, 3, 3, 3, '0', '0'),
(485, 1, 7, 1, 3, '0', '0'),
(486, 4, 7, 3, 3, '0', '0'),
(487, 2, 5, 1, 3, '0', '0'),
(488, 3, 5, 1, 2, '0', '0'),
(489, 3, 5, 2, 3, '0', '0'),
(490, 1, 3, 1, 1, '0', '0'),
(491, 4, 5, 1, 3, '0', '0'),
(492, 4, 3, 3, 3, '0', '0'),
(493, 4, 7, 1, 3, '0', '0'),
(494, 2, 5, 1, 3, '0', '0'),
(495, 1, 7, 3, 1, '0', '0'),
(496, 1, 4, 2, 1, '0', '0'),
(497, 3, 5, 2, 1, '0', '0'),
(498, 1, 2, 1, 3, '0', '0'),
(499, 2, 5, 1, 3, '0', '0'),
(500, 2, 4, 1, 3, '0', '0'),
(501, 4, 7, 2, 1, '0', '0'),
(502, 1, 6, 3, 1, '0', '0'),
(503, 1, 4, 1, 3, '0', '0'),
(504, 3, 7, 3, 1, '0', '0'),
(505, 3, 3, 1, 3, '0', '0'),
(506, 1, 2, 1, 1, '0', '0'),
(507, 2, 5, 2, 3, '0', '0'),
(508, 1, 3, 1, 3, '0', '0'),
(509, 1, 7, 1, 3, '0', '0'),
(510, 2, 5, 3, 3, '0', '0'),
(511, 1, 7, 1, 2, '0', '0'),
(512, 2, 4, 1, 1, '0', '0'),
(513, 3, 5, 3, 3, '0', '0'),
(514, 3, 2, 2, 3, '0', '0'),
(515, 1, 5, 1, 3, '0', '0'),
(516, 3, 4, 1, 2, '0', '0'),
(517, 4, 7, 3, 1, '0', '0'),
(518, 4, 6, 1, 1, '0', '0'),
(519, 2, 4, 1, 3, '0', '0'),
(520, 3, 7, 3, 3, '0', '0'),
(521, 1, 3, 2, 3, '0', '0'),
(522, 4, 2, 2, 1, '0', '0'),
(523, 2, 4, 1, 3, '0', '0'),
(524, 3, 5, 1, 1, '0', '0'),
(525, 4, 4, 1, 3, '0', '0'),
(526, 2, 5, 2, 3, '0', '0'),
(527, 2, 6, 3, 3, '0', '0'),
(528, 4, 1, 1, 3, '0', '0'),
(529, 2, 2, 3, 3, '0', '0'),
(530, 4, 3, 1, 3, '0', '0'),
(531, 3, 7, 1, 3, '0', '0'),
(532, 4, 7, 2, 1, '0', '0'),
(533, 4, 5, 1, 3, '0', '0'),
(534, 4, 5, 1, 3, '0', '0'),
(535, 4, 5, 3, 1, '0', '0'),
(536, 4, 3, 1, 3, '0', '0'),
(537, 3, 5, 1, 3, '0', '0'),
(538, 4, 3, 3, 2, '0', '0'),
(539, 4, 7, 2, 3, '0', '0'),
(540, 1, 5, 1, 2, '0', '0'),
(541, 4, 7, 1, 1, '0', '0'),
(542, 2, 4, 3, 3, '0', '0'),
(543, 4, 5, 1, 1, '0', '0'),
(544, 3, 2, 1, 1, '0', '0'),
(545, 1, 5, 3, 3, '0', '0'),
(546, 3, 4, 2, 3, '0', '0'),
(547, 4, 7, 2, 2, '0', '0'),
(548, 2, 6, 1, 2, '0', '0'),
(549, 4, 4, 1, 3, '0', '0'),
(550, 2, 7, 1, 3, '0', '0'),
(551, 3, 3, 2, 3, '0', '0'),
(552, 1, 2, 3, 3, '0', '0'),
(553, 3, 5, 1, 3, '0', '0'),
(554, 4, 3, 3, 3, '0', '0'),
(555, 4, 7, 1, 1, '0', '0'),
(556, 4, 5, 1, 2, '0', '0'),
(557, 4, 7, 2, 3, '0', '0'),
(558, 2, 4, 1, 3, '0', '0'),
(559, 2, 5, 1, 3, '0', '0'),
(560, 2, 2, 3, 3, '0', '0'),
(561, 2, 5, 1, 2, '0', '0'),
(562, 3, 4, 1, 3, '0', '0'),
(563, 4, 7, 3, 3, '0', '0'),
(564, 3, 6, 2, 3, '0', '0'),
(565, 3, 4, 1, 3, '0', '0'),
(566, 2, 7, 1, 3, '0', '0'),
(567, 1, 3, 3, 3, '0', '0'),
(568, 2, 2, 1, 2, '0', '0'),
(569, 1, 4, 1, 3, '0', '0'),
(570, 4, 5, 3, 3, '0', '0'),
(571, 2, 4, 2, 3, '0', '0'),
(572, 4, 5, 2, 3, '0', '0'),
(573, 4, 6, 1, 3, '0', '0'),
(574, 4, 1, 1, 3, '0', '0'),
(575, 1, 2, 1, 3, '0', '0'),
(576, 2, 3, 2, 2, '0', '0'),
(577, 4, 7, 3, 2, '0', '0'),
(578, 3, 7, 1, 1, '0', '0'),
(579, 1, 5, 3, 3, '0', '0'),
(580, 2, 5, 1, 1, '0', '0'),
(581, 3, 5, 1, 1, '0', '0'),
(582, 4, 3, 2, 1, '0', '0'),
(583, 4, 5, 1, 3, '0', '0'),
(584, 3, 3, 1, 3, '0', '0'),
(585, 4, 7, 3, 3, '0', '0'),
(586, 1, 5, 1, 3, '0', '0'),
(587, 4, 7, 1, 1, '0', '0'),
(588, 1, 4, 3, 1, '0', '0'),
(589, 2, 5, 2, 3, '0', '0'),
(590, 3, 2, 1, 3, '0', '0'),
(591, 1, 5, 1, 1, '0', '0'),
(592, 2, 4, 3, 3, '0', '0'),
(593, 4, 7, 1, 2, '0', '0'),
(594, 4, 6, 1, 1, '0', '0'),
(595, 1, 4, 3, 3, '0', '0'),
(596, 1, 7, 2, 3, '0', '0'),
(597, 1, 3, 2, 3, '0', '0'),
(598, 3, 2, 1, 3, '0', '0'),
(599, 2, 5, 1, 1, '0', '0'),
(600, 3, 3, 1, 3, '0', '0'),
(601, 3, 7, 2, 2, '0', '0'),
(602, 3, 5, 3, 1, '0', '0'),
(603, 2, 7, 1, 1, '0', '0'),
(604, 3, 4, 3, 3, '0', '0'),
(605, 1, 5, 1, 3, '0', '0'),
(606, 3, 2, 1, 2, '0', '0'),
(607, 3, 5, 2, 3, '0', '0'),
(608, 2, 4, 1, 2, '0', '0'),
(609, 4, 7, 1, 3, '0', '0'),
(610, 1, 6, 3, 3, '0', '0'),
(611, 1, 4, 1, 2, '0', '0'),
(612, 1, 7, 1, 3, '0', '0'),
(613, 4, 3, 3, 1, '0', '0'),
(614, 2, 2, 2, 3, '0', '0'),
(615, 2, 4, 1, 3, '0', '0'),
(616, 2, 5, 1, 3, '0', '0'),
(617, 4, 4, 3, 2, '0', '0'),
(618, 4, 5, 1, 2, '0', '0'),
(619, 4, 6, 1, 1, '0', '0'),
(620, 4, 1, 3, 3, '0', '0'),
(621, 2, 2, 2, 3, '0', '0'),
(622, 3, 3, 2, 1, '0', '0'),
(623, 3, 7, 1, 3, '0', '0'),
(624, 1, 7, 1, 3, '0', '0'),
(625, 2, 5, 1, 3, '0', '0'),
(626, 3, 5, 2, 2, '0', '0'),
(627, 1, 5, 3, 3, '0', '0'),
(628, 1, 3, 1, 3, '0', '0'),
(629, 2, 5, 3, 3, '0', '0'),
(630, 2, 3, 1, 1, '0', '0'),
(631, 2, 7, 1, 3, '0', '0'),
(632, 3, 5, 2, 3, '0', '0'),
(633, 2, 7, 1, 2, '0', '0'),
(634, 2, 4, 1, 2, '0', '0'),
(635, 3, 5, 3, 3, '0', '0'),
(636, 2, 2, 1, 3, '0', '0'),
(637, 2, 5, 1, 3, '0', '0'),
(638, 1, 4, 3, 3, '0', '0'),
(639, 2, 7, 2, 3, '0', '0'),
(640, 3, 6, 1, 2, '0', '0'),
(641, 3, 4, 1, 3, '0', '0'),
(642, 2, 7, 3, 3, '0', '0'),
(643, 2, 3, 1, 3, '0', '0'),
(644, 4, 2, 1, 3, '0', '0'),
(645, 2, 5, 3, 1, '0', '0'),
(646, 1, 3, 2, 1, '0', '0'),
(647, 4, 7, 2, 3, '0', '0'),
(648, 1, 5, 1, 3, '0', '0'),
(649, 4, 7, 1, 1, '0', '0'),
(650, 2, 4, 1, 3, '0', '0'),
(651, 4, 5, 2, 3, '0', '0'),
(652, 2, 2, 3, 3, '0', '0'),
(653, 2, 5, 1, 3, '0', '0'),
(654, 3, 4, 3, 2, '0', '0'),
(655, 1, 7, 1, 2, '0', '0'),
(656, 1, 6, 1, 3, '0', '0'),
(657, 4, 4, 2, 3, '0', '0'),
(658, 4, 7, 1, 3, '0', '0'),
(659, 1, 3, 1, 2, '0', '0'),
(660, 3, 2, 3, 3, '0', '0'),
(661, 4, 4, 1, 3, '0', '0'),
(662, 1, 5, 1, 3, '0', '0'),
(663, 4, 4, 3, 3, '0', '0'),
(664, 3, 5, 2, 3, '0', '0'),
(665, 1, 6, 1, 3, '0', '0'),
(666, 3, 1, 1, 3, '0', '0'),
(667, 4, 1, 3, 3, '0', '0'),
(668, 4, 3, 1, 3, '0', '0'),
(669, 1, 7, 1, 2, '0', '0'),
(670, 2, 7, 3, 3, '0', '0'),
(671, 1, 5, 2, 1, '0', '0'),
(672, 1, 5, 2, 3, '0', '0'),
(673, 4, 5, 1, 3, '0', '0'),
(674, 2, 3, 1, 3, '0', '0'),
(675, 2, 5, 1, 3, '0', '0'),
(676, 4, 3, 2, 3, '0', '0'),
(677, 2, 7, 3, 3, '0', '0'),
(678, 2, 5, 1, 3, '0', '0'),
(679, 4, 7, 3, 3, '0', '0'),
(680, 2, 4, 1, 3, '0', '0'),
(681, 3, 5, 1, 1, '0', '0'),
(682, 1, 2, 2, 3, '0', '0'),
(683, 1, 5, 1, 1, '0', '0'),
(684, 1, 4, 1, 2, '0', '0'),
(685, 4, 7, 3, 3, '0', '0'),
(686, 4, 6, 1, 3, '0', '0'),
(687, 3, 4, 1, 2, '0', '0'),
(688, 4, 7, 3, 2, '0', '0'),
(689, 2, 3, 2, 3, '0', '0'),
(690, 3, 2, 1, 3, '0', '0'),
(691, 4, 5, 1, 2, '0', '0'),
(692, 2, 3, 3, 3, '0', '0'),
(693, 1, 7, 1, 1, '0', '0'),
(694, 2, 5, 1, 3, '0', '0'),
(695, 2, 7, 3, 1, '0', '0'),
(696, 2, 4, 2, 3, '0', '0'),
(697, 2, 5, 2, 1, '0', '0'),
(698, 4, 2, 1, 2, '0', '0'),
(699, 2, 5, 1, 3, '0', '0'),
(700, 2, 4, 1, 3, '0', '0'),
(701, 2, 7, 2, 1, '0', '0'),
(702, 4, 6, 3, 3, '0', '0'),
(703, 2, 4, 1, 3, '0', '0'),
(704, 1, 7, 3, 3, '0', '0'),
(705, 4, 3, 1, 2, '0', '0'),
(706, 4, 2, 1, 3, '0', '0'),
(707, 4, 4, 2, 3, '0', '0'),
(708, 4, 5, 1, 3, '0', '0'),
(709, 4, 4, 1, 3, '0', '0'),
(710, 2, 5, 3, 1, '0', '0'),
(711, 4, 6, 1, 1, '0', '0'),
(712, 2, 1, 1, 3, '0', '0'),
(713, 1, 2, 3, 3, '0', '0'),
(714, 2, 3, 2, 3, '0', '0'),
(715, 4, 7, 1, 3, '0', '0'),
(716, 3, 7, 1, 3, '0', '0'),
(717, 3, 5, 3, 3, '0', '0'),
(718, 2, 5, 1, 3, '0', '0'),
(719, 4, 5, 1, 1, '0', '0'),
(720, 3, 3, 3, 3, '0', '0'),
(721, 2, 5, 2, 3, '0', '0'),
(722, 4, 3, 2, 2, '0', '0'),
(723, 3, 7, 1, 3, '0', '0'),
(724, 4, 5, 1, 2, '0', '0'),
(725, 2, 7, 1, 3, '0', '0'),
(726, 1, 4, 2, 3, '0', '0'),
(727, 4, 5, 3, 3, '0', '0'),
(728, 4, 2, 1, 2, '0', '0'),
(729, 4, 5, 3, 3, '0', '0'),
(730, 1, 4, 1, 3, '0', '0'),
(731, 4, 7, 1, 3, '0', '0'),
(732, 2, 6, 2, 2, '0', '0'),
(733, 2, 4, 1, 2, '0', '0'),
(734, 4, 7, 1, 3, '0', '0'),
(735, 1, 3, 3, 1, '0', '0'),
(736, 1, 2, 1, 1, '0', '0'),
(737, 3, 5, 1, 3, '0', '0'),
(738, 4, 3, 3, 1, '0', '0'),
(739, 4, 7, 2, 1, '0', '0'),
(740, 4, 5, 1, 3, '0', '0'),
(741, 3, 7, 1, 3, '0', '0'),
(742, 4, 4, 3, 2, '0', '0'),
(743, 3, 5, 1, 3, '0', '0'),
(744, 3, 2, 1, 1, '0', '0'),
(745, 4, 5, 3, 3, '0', '0'),
(746, 2, 4, 2, 2, '0', '0'),
(747, 3, 7, 2, 2, '0', '0'),
(748, 1, 6, 1, 1, '0', '0'),
(749, 4, 4, 1, 2, '0', '0'),
(750, 4, 7, 1, 3, '0', '0'),
(751, 2, 3, 2, 3, '0', '0'),
(752, 1, 2, 3, 1, '0', '0'),
(753, 4, 4, 1, 2, '0', '0'),
(754, 1, 5, 3, 3, '0', '0'),
(755, 1, 4, 1, 3, '0', '0'),
(756, 4, 5, 1, 3, '0', '0'),
(757, 4, 6, 2, 3, '0', '0'),
(758, 2, 1, 1, 3, '0', '0'),
(759, 4, 2, 1, 2, '0', '0'),
(760, 4, 3, 3, 3, '0', '0'),
(761, 3, 7, 1, 3, '0', '0'),
(762, 4, 7, 1, 3, '0', '0'),
(763, 2, 5, 3, 1, '0', '0'),
(764, 3, 5, 2, 2, '0', '0'),
(765, 2, 5, 1, 2, '0', '0'),
(766, 4, 3, 1, 3, '0', '0'),
(767, 2, 5, 3, 3, '0', '0'),
(768, 4, 3, 1, 3, '0', '0'),
(769, 3, 7, 1, 3, '0', '0'),
(770, 4, 5, 3, 2, '0', '0'),
(771, 2, 7, 2, 3, '0', '0'),
(772, 4, 4, 2, 2, '0', '0'),
(773, 4, 5, 1, 2, '0', '0'),
(774, 2, 2, 1, 2, '0', '0'),
(775, 3, 5, 1, 3, '0', '0'),
(776, 2, 4, 2, 1, '0', '0'),
(777, 4, 7, 3, 3, '0', '0'),
(778, 2, 6, 1, 1, '0', '0'),
(779, 4, 4, 3, 1, '0', '0'),
(780, 4, 7, 1, 3, '0', '0'),
(781, 2, 3, 1, 1, '0', '0'),
(782, 4, 2, 2, 1, '0', '0'),
(783, 1, 5, 1, 3, '0', '0'),
(784, 4, 3, 1, 3, '0', '0'),
(785, 4, 7, 3, 3, '0', '0'),
(786, 2, 5, 1, 2, '0', '0'),
(787, 2, 7, 1, 1, '0', '0'),
(788, 1, 4, 3, 3, '0', '0'),
(789, 3, 5, 2, 3, '0', '0'),
(790, 2, 2, 1, 3, '0', '0'),
(791, 3, 5, 1, 3, '0', '0'),
(792, 1, 4, 3, 3, '0', '0'),
(793, 3, 7, 1, 3, '0', '0'),
(794, 3, 6, 1, 3, '0', '0'),
(795, 2, 4, 3, 1, '0', '0'),
(796, 1, 7, 2, 3, '0', '0'),
(797, 2, 3, 2, 3, '0', '0'),
(798, 2, 2, 1, 3, '0', '0'),
(799, 1, 4, 1, 3, '0', '0'),
(800, 1, 5, 1, 3, '0', '0'),
(801, 3, 4, 2, 3, '0', '0'),
(802, 4, 5, 3, 3, '0', '0'),
(803, 1, 6, 1, 2, '0', '0'),
(804, 2, 1, 3, 3, '0', '0'),
(805, 2, 2, 1, 2, '0', '0'),
(806, 4, 3, 1, 3, '0', '0'),
(807, 4, 7, 2, 2, '0', '0'),
(808, 2, 7, 1, 3, '0', '0'),
(809, 4, 5, 1, 1, '0', '0'),
(810, 3, 5, 3, 1, '0', '0'),
(811, 2, 5, 1, 3, '0', '0'),
(812, 2, 3, 1, 3, '0', '0'),
(813, 4, 5, 3, 1, '0', '0'),
(814, 4, 3, 2, 3, '0', '0'),
(815, 1, 7, 1, 3, '0', '0'),
(816, 3, 5, 1, 3, '0', '0'),
(817, 4, 2, 3, 3, '0', '0'),
(818, 3, 5, 1, 2, '0', '0'),
(819, 2, 4, 1, 2, '0', '0'),
(820, 1, 7, 3, 2, '0', '0'),
(821, 4, 6, 2, 3, '0', '0'),
(822, 3, 4, 2, 3, '0', '0'),
(823, 2, 7, 1, 1, '0', '0'),
(824, 4, 3, 1, 3, '0', '0'),
(825, 1, 2, 1, 1, '0', '0'),
(826, 2, 4, 2, 2, '0', '0'),
(827, 2, 5, 3, 1, '0', '0'),
(828, 4, 4, 1, 1, '0', '0'),
(829, 4, 5, 3, 2, '0', '0'),
(830, 1, 6, 1, 3, '0', '0'),
(831, 4, 1, 1, 2, '0', '0'),
(832, 3, 2, 2, 2, '0', '0'),
(833, 3, 3, 1, 3, '0', '0'),
(834, 4, 7, 1, 2, '0', '0'),
(835, 1, 7, 3, 1, '0', '0'),
(836, 2, 5, 1, 3, '0', '0'),
(837, 3, 5, 1, 1, '0', '0'),
(838, 3, 5, 3, 3, '0', '0'),
(839, 3, 3, 2, 2, '0', '0'),
(840, 2, 5, 1, 3, '0', '0'),
(841, 4, 3, 1, 3, '0', '0'),
(842, 2, 7, 3, 1, '0', '0'),
(843, 2, 5, 1, 1, '0', '0'),
(844, 1, 2, 1, 3, '0', '0'),
(845, 4, 5, 3, 2, '0', '0'),
(846, 2, 4, 2, 3, '0', '0'),
(847, 4, 7, 2, 1, '0', '0'),
(848, 3, 6, 1, 3, '0', '0'),
(849, 4, 4, 1, 3, '0', '0'),
(850, 2, 7, 1, 1, '0', '0'),
(851, 2, 3, 2, 3, '0', '0'),
(852, 4, 2, 3, 2, '0', '0'),
(853, 3, 4, 1, 3, '0', '0'),
(854, 4, 5, 3, 2, '0', '0'),
(855, 4, 4, 1, 3, '0', '0'),
(856, 3, 5, 1, 3, '0', '0'),
(857, 4, 6, 2, 1, '0', '0'),
(858, 2, 1, 1, 2, '0', '0'),
(859, 1, 2, 1, 3, '0', '0'),
(860, 4, 3, 3, 3, '0', '0'),
(861, 3, 7, 1, 1, '0', '0'),
(862, 4, 7, 1, 3, '0', '0'),
(863, 1, 5, 3, 3, '0', '0'),
(864, 4, 5, 2, 3, '0', '0'),
(865, 1, 5, 1, 2, '0', '0'),
(866, 2, 3, 1, 3, '0', '0'),
(867, 3, 5, 3, 2, '0', '0'),
(868, 3, 3, 1, 3, '0', '0'),
(869, 2, 7, 1, 2, '0', '0'),
(870, 2, 5, 3, 3, '0', '0'),
(871, 4, 2, 2, 1, '0', '0'),
(872, 3, 5, 2, 2, '0', '0'),
(873, 4, 4, 1, 3, '0', '0'),
(874, 2, 7, 1, 3, '0', '0'),
(875, 3, 6, 1, 1, '0', '0'),
(876, 4, 4, 2, 1, '0', '0'),
(877, 2, 7, 3, 3, '0', '0'),
(878, 2, 3, 1, 3, '0', '0'),
(879, 3, 2, 3, 1, '0', '0'),
(880, 4, 4, 1, 3, '0', '0'),
(881, 4, 5, 1, 3, '0', '0'),
(882, 4, 4, 2, 2, '0', '0'),
(883, 2, 5, 1, 2, '0', '0'),
(884, 1, 6, 1, 3, '0', '0'),
(885, 2, 1, 3, 1, '0', '0'),
(886, 4, 2, 1, 3, '0', '0'),
(887, 3, 3, 1, 2, '0', '0'),
(888, 4, 7, 3, 2, '0', '0'),
(889, 4, 7, 2, 1, '0', '0'),
(890, 1, 5, 1, 3, '0', '0'),
(891, 1, 5, 1, 2, '0', '0'),
(892, 2, 5, 3, 1, '0', '0'),
(893, 4, 3, 1, 3, '0', '0'),
(894, 3, 5, 1, 1, '0', '0'),
(895, 2, 3, 3, 3, '0', '0'),
(896, 2, 7, 2, 3, '0', '0'),
(897, 4, 5, 2, 1, '0', '0'),
(898, 2, 2, 1, 1, '0', '0'),
(899, 2, 5, 1, 2, '0', '0'),
(900, 1, 4, 1, 3, '0', '0'),
(901, 2, 7, 2, 3, '0', '0'),
(902, 2, 6, 3, 2, '0', '0'),
(903, 4, 4, 1, 3, '0', '0'),
(904, 3, 7, 3, 3, '0', '0'),
(905, 3, 3, 1, 1, '0', '0'),
(906, 2, 2, 1, 3, '0', '0'),
(907, 3, 4, 2, 2, '0', '0'),
(908, 1, 5, 1, 3, '0', '0'),
(909, 2, 4, 1, 1, '0', '0'),
(910, 4, 5, 3, 3, '0', '0'),
(911, 4, 6, 1, 3, '0', '0'),
(912, 2, 1, 1, 1, '0', '0'),
(913, 2, 2, 3, 3, '0', '0'),
(914, 2, 3, 2, 3, '0', '0'),
(915, 1, 7, 1, 1, '0', '0'),
(916, 3, 7, 1, 2, '0', '0'),
(917, 4, 5, 1, 2, '0', '0'),
(918, 1, 5, 3, 3, '0', '0'),
(919, 3, 5, 1, 3, '0', '0'),
(920, 2, 3, 1, 1, '0', '0'),
(921, 3, 5, 2, 3, '0', '0'),
(922, 4, 3, 1, 3, '0', '0'),
(923, 1, 7, 1, 3, '0', '0'),
(924, 4, 5, 3, 3, '0', '0'),
(925, 2, 2, 1, 2, '0', '0'),
(926, 3, 5, 1, 1, '0', '0'),
(927, 3, 4, 3, 3, '0', '0'),
(928, 2, 7, 2, 1, '0', '0'),
(929, 2, 6, 1, 1, '0', '0'),
(930, 2, 4, 1, 2, '0', '0'),
(931, 3, 7, 1, 3, '0', '0'),
(932, 2, 3, 3, 3, '0', '0'),
(933, 4, 2, 1, 2, '0', '0'),
(934, 2, 4, 1, 1, '0', '0'),
(935, 2, 5, 2, 3, '0', '0'),
(936, 4, 4, 1, 1, '0', '0'),
(937, 4, 5, 1, 3, '0', '0'),
(938, 1, 6, 3, 1, '0', '0'),
(939, 3, 1, 1, 3, '0', '0'),
(940, 3, 2, 1, 3, '0', '0'),
(941, 2, 3, 3, 3, '0', '0'),
(942, 4, 7, 2, 3, '0', '0'),
(943, 4, 7, 1, 2, '0', '0'),
(944, 4, 5, 1, 3, '0', '0'),
(945, 3, 5, 1, 3, '0', '0'),
(946, 4, 5, 3, 3, '0', '0'),
(947, 1, 3, 1, 3, '0', '0'),
(948, 1, 5, 1, 1, '0', '0'),
(949, 1, 3, 2, 2, '0', '0'),
(950, 1, 7, 1, 1, '0', '0'),
(951, 1, 5, 1, 1, '0', '0'),
(952, 4, 2, 3, 3, '0', '0'),
(953, 4, 5, 1, 3, '0', '0'),
(954, 3, 4, 1, 3, '0', '0'),
(955, 3, 7, 3, 1, '0', '0'),
(956, 2, 6, 2, 3, '0', '0'),
(957, 2, 4, 1, 3, '0', '0'),
(958, 2, 7, 1, 3, '0', '0'),
(959, 2, 3, 1, 1, '0', '0'),
(960, 4, 2, 3, 3, '0', '0'),
(961, 1, 4, 1, 3, '0', '0'),
(962, 2, 5, 1, 3, '0', '0'),
(963, 1, 4, 2, 1, '0', '0'),
(964, 4, 5, 1, 3, '0', '0'),
(965, 2, 6, 1, 3, '0', '0'),
(966, 3, 1, 3, 3, '0', '0'),
(967, 4, 2, 1, 2, '0', '0'),
(968, 1, 3, 1, 1, '0', '0'),
(969, 1, 7, 3, 3, '0', '0'),
(970, 3, 7, 2, 3, '0', '0'),
(971, 4, 5, 1, 3, '0', '0'),
(972, 2, 5, 1, 3, '0', '0'),
(973, 1, 5, 1, 1, '0', '0'),
(974, 1, 3, 3, 1, '0', '0'),
(975, 1, 5, 1, 2, '0', '0'),
(976, 4, 3, 1, 1, '0', '0'),
(977, 3, 7, 2, 3, '0', '0'),
(978, 4, 5, 1, 3, '0', '0'),
(979, 3, 2, 1, 3, '0', '0'),
(980, 4, 5, 3, 2, '0', '0'),
(981, 3, 4, 1, 3, '0', '0'),
(982, 1, 7, 1, 1, '0', '0'),
(983, 2, 6, 3, 2, '0', '0'),
(984, 1, 4, 2, 3, '0', '0'),
(985, 2, 7, 1, 3, '0', '0'),
(986, 1, 3, 1, 3, '0', '0'),
(987, 1, 2, 1, 3, '0', '0'),
(988, 2, 4, 3, 3, '0', '0'),
(989, 4, 5, 1, 3, '0', '0'),
(990, 3, 4, 1, 3, '0', '0'),
(991, 3, 5, 2, 1, '0', '0'),
(992, 4, 6, 1, 3, '0', '0'),
(993, 2, 1, 1, 2, '0', '0'),
(994, 2, 2, 3, 2, '0', '0'),
(995, 1, 3, 1, 1, '0', '0'),
(996, 4, 7, 1, 3, '0', '0'),
(997, 1, 7, 3, 3, '0', '0'),
(998, 2, 5, 2, 3, '0', '0'),
(999, 4, 5, 1, 3, '0', '0'),
(1000, 4, 5, 1, 1, '0', '0');

-- --------------------------------------------------------

--
-- Struktur dari tabel `transformasi_training`
--

CREATE TABLE IF NOT EXISTS `transformasi_training` (
  `id_transformasitraining` int(11) NOT NULL AUTO_INCREMENT,
  `bidang` int(11) NOT NULL,
  `pelanggan` int(11) NOT NULL,
  `proyek` int(11) NOT NULL,
  `total_harga_jual` int(11) NOT NULL,
  PRIMARY KEY (`id_transformasitraining`)
) ENGINE=InnoDB  DEFAULT CHARSET=latin1 AUTO_INCREMENT=21 ;

--
-- Dumping data untuk tabel `transformasi_training`
--

INSERT INTO `transformasi_training` (`id_transformasitraining`, `bidang`, `pelanggan`, `proyek`, `total_harga_jual`) VALUES
(1, 4, 5, 1, 3),
(2, 2, 3, 2, 3),
(3, 2, 7, 3, 3),
(4, 3, 5, 1, 3),
(5, 2, 7, 3, 1),
(6, 3, 4, 1, 3),
(7, 1, 5, 1, 3),
(8, 2, 2, 2, 3),
(9, 1, 5, 1, 3),
(10, 3, 4, 1, 2),
(11, 3, 7, 3, 3),
(12, 2, 6, 1, 3),
(13, 4, 4, 1, 1),
(14, 2, 7, 3, 2),
(15, 2, 3, 2, 3),
(16, 3, 2, 2, 1),
(17, 1, 4, 1, 3),
(18, 1, 5, 1, 3),
(19, 3, 4, 1, 3),
(20, 2, 5, 1, 1);

/*!40101 SET CHARACTER_SET_CLIENT=@OLD_CHARACTER_SET_CLIENT */;
/*!40101 SET CHARACTER_SET_RESULTS=@OLD_CHARACTER_SET_RESULTS */;
/*!40101 SET COLLATION_CONNECTION=@OLD_COLLATION_CONNECTION */;
